外语教学与研究出版社,三年级,上册,module,1,use,1
外语教学与研究出版社,三年级,上册,module,1,want,1
外语教学与研究出版社,三年级,上册,module,1,hungry,1
外语教学与研究出版社,三年级,上册,module,1,easy,1
外语教学与研究出版社,三年级,上册,module,1,grass,1
外语教学与研究出版社,三年级,上册,module,1,food,1
外语教学与研究出版社,三年级,上册,module,2,make,1
外语教学与研究出版社,三年级,上册,module,2,cake,1
外语教学与研究出版社,三年级,上册,module,2,mum,1
外语教学与研究出版社,三年级,上册,module,2,dad,1
外语教学与研究出版社,三年级,上册,module,2,water,1
外语教学与研究出版社,三年级,上册,module,2,lovely,1
外语教学与研究出版社,三年级,上册,module,3,boat,1
外语教学与研究出版社,三年级,上册,module,3,people,1
外语教学与研究出版社,三年级,上册,module,3,lake,1
外语教学与研究出版社,三年级,上册,module,3,bread,1
外语教学与研究出版社,三年级,上册,module,4,far,1
外语教学与研究出版社,三年级,上册,module,4,fast,1
外语教学与研究出版社,三年级,上册,module,4,slow,1
外语教学与研究出版社,三年级,上册,module,4,fly,1
外语教学与研究出版社,三年级,上册,module,4,cry,1
外语教学与研究出版社,三年级,上册,module,5,drink,1
外语教学与研究出版社,三年级,上册,module,5,shop,1
外语教学与研究出版社,三年级,上册,module,5,thanks,1
外语教学与研究出版社,三年级,上册,module,5,library,1
外语教学与研究出版社,三年级,上册,module,5,worry,1
外语教学与研究出版社,三年级,上册,module,6,wash,1
外语教学与研究出版社,三年级,上册,module,6,pear,1
外语教学与研究出版社,三年级,上册,module,6,peach,1
外语教学与研究出版社,三年级,上册,module,6,football,1
外语教学与研究出版社,三年级,上册,module,7,clever,1
外语教学与研究出版社,三年级,上册,module,7,cold,1
外语教学与研究出版社,三年级,上册,module,7,class,1
外语教学与研究出版社,三年级,上册,module,7,begin,1
外语教学与研究出版社,三年级,上册,module,8,bring,1
外语教学与研究出版社,三年级,上册,module,8,umbrella,1
外语教学与研究出版社,三年级,上册,module,8,get,1
外语教学与研究出版社,三年级,上册,module,9,high,1
外语教学与研究出版社,三年级,上册,module,9,star,1
外语教学与研究出版社,三年级,上册,module,9,uncle,1
外语教学与研究出版社,三年级,上册,module,10,visit,1
外语教学与研究出版社,三年级,上册,module,10,film,1
外语教学与研究出版社,一年级,上册,module,1,hello,1
外语教学与研究出版社,一年级,上册,module,1,hi,1
外语教学与研究出版社,一年级,上册,module,1,aah,1
外语教学与研究出版社,一年级,上册,module,1,ooh,1
外语教学与研究出版社,一年级,上册,module,1,I,1
外语教学与研究出版社,一年级,上册,module,1,am,1
外语教学与研究出版社,一年级,上册,module,1,goodbye,1
外语教学与研究出版社,一年级,上册,module,1,bye,1
外语教学与研究出版社,一年级,上册,module,1,How are you?,3
外语教学与研究出版社,一年级,上册,module,1,woof,1
外语教学与研究出版社,一年级,上册,module,1,no,1
外语教学与研究出版社,一年级,上册,module,1,yes,1
外语教学与研究出版社,一年级,上册,module,1,sorry,1
外语教学与研究出版社,一年级,上册,module,1,fine,1
外语教学与研究出版社,一年级,上册,module,1,thank,1
外语教学与研究出版社,一年级,上册,module,1,you,1
外语教学与研究出版社,一年级,上册,module,2,what,1
外语教学与研究出版社,一年级,上册,module,2,is,1
外语教学与研究出版社,一年级,上册,module,2,your,1
外语教学与研究出版社,一年级,上册,module,2,name,1
外语教学与研究出版社,一年级,上册,module,2,please,1
外语教学与研究出版社,一年级,上册,module,2,good,1
外语教学与研究出版社,一年级,上册,module,2,morning,1
外语教学与研究出版社,一年级,上册,module,2,Ms,1
外语教学与研究出版社,一年级,上册,module,2,my,1
外语教学与研究出版社,一年级,上册,module,2,bird,1
外语教学与研究出版社,一年级,上册,module,2,tweet,1
外语教学与研究出版社,一年级,上册,module,2,a,1
外语教学与研究出版社,一年级,上册,module,2,an,1
外语教学与研究出版社,一年级,上册,module,2,boy,1
外语教学与研究出版社,一年级,上册,module,2,girl,1
外语教学与研究出版社,一年级,上册,module,2,whoops,1
外语教学与研究出版社,一年级,上册,module,2,afternoon,1
外语教学与研究出版社,一年级,上册,module,2,panda,1
外语教学与研究出版社,一年级,上册,module,3,sit,1
外语教学与研究出版社,一年级,上册,module,3,down,1
外语教学与研究出版社,一年级,上册,module,3,stand,1
外语教学与研究出版社,一年级,上册,module,3,up,1
外语教学与研究出版社,一年级,上册,module,3,open,1
外语教学与研究出版社,一年级,上册,module,3,the,1
外语教学与研究出版社,一年级,上册,module,3,window,1
外语教学与研究出版社,一年级,上册,module,3,door,1
外语教学与研究出版社,一年级,上册,module,3,See you!,2
外语教学与研究出版社,一年级,上册,module,3,point,1
外语教学与研究出版社,一年级,上册,module,3,to,1
外语教学与研究出版社,一年级,上册,module,3,aargh,1
外语教学与研究出版社,一年级,上册,module,3,desk,1
外语教学与研究出版社,一年级,上册,module,3,chair,1
外语教学与研究出版社,一年级,上册,module,4,it,1
外语教学与研究出版社,一年级,上册,module,4,it's,2
外语教学与研究出版社,一年级,上册,module,4,red,1
外语教学与研究出版社,一年级,上册,module,4,aha,1
外语教学与研究出版社,一年级,上册,module,4,blue,1
外语教学与研究出版社,一年级,上册,module,4,wow,1
外语教学与研究出版社,一年级,上册,module,4,yellow,1
外语教学与研究出版社,一年级,上册,module,4,oh,1
外语教学与研究出版社,一年级,上册,module,4,colour,1
外语教学与研究出版社,一年级,上册,module,4,green,1
外语教学与研究出版社,一年级,上册,module,4,now,1
外语教学与研究出版社,一年级,上册,module,4,black,1
外语教学与研究出版社,一年级,上册,module,4,white,1
外语教学与研究出版社,一年级,上册,module,4,dog,1
外语教学与研究出版社,一年级,上册,module,4,cat,1
外语教学与研究出版社,一年级,上册,module,4,and,1
外语教学与研究出版社,一年级,上册,module,4,hey,1
外语教学与研究出版社,一年级,上册,module,4,look,1
外语教学与研究出版社,一年级,上册,module,4,orange,1
外语教学与研究出版社,一年级,上册,module,5,this,1
外语教学与研究出版社,一年级,上册,module,5,our,1
外语教学与研究出版社,一年级,上册,module,5,teacher,1
外语教学与研究出版社,一年级,上册,module,5,school,1
外语教学与研究出版社,一年级,上册,module,5,classroom,1
外语教学与研究出版社,一年级,上册,module,5,Nice to meet you.,3
外语教学与研究出版社,一年级,上册,module,5,child,1
外语教学与研究出版社,一年级,上册,module,5,that,1
外语教学与研究出版社,一年级,上册,module,5,bag,1
外语教学与研究出版社,一年级,上册,module,6,schoolbag,1
外语教学与研究出版社,一年级,上册,module,6,book,1
外语教学与研究出版社,一年级,上册,module,6,pen,1
外语教学与研究出版社,一年级,上册,module,6,pencil,1
外语教学与研究出版社,一年级,上册,module,6,ruler,1
外语教学与研究出版社,一年级,上册,module,6,eraser,1
外语教学与研究出版社,一年级,上册,module,6,pencil case,2
外语教学与研究出版社,一年级,上册,module,6,crayon,1
外语教学与研究出版社,一年级,上册,module,7,new,1
外语教学与研究出版社,一年级,上册,module,7,kite,1
外语教学与研究出版社,一年级,上册,module,7,or,1
外语教学与研究出版社,一年级,上册,module,7,not,1
外语教学与研究出版社,一年级,上册,module,7,isn't,2
外语教学与研究出版社,一年级,上册,module,7,monkey,1
外语教学与研究出版社,一年级,上册,module,7,monster,1
外语教学与研究出版社,一年级,上册,module,7,help,1
外语教学与研究出版社,一年级,上册,module,7,house,1
外语教学与研究出版社,一年级,上册,module,7,box,1
外语教学与研究出版社,一年级,上册,module,8,how many,1
外语教学与研究出版社,一年级,上册,module,8,one,1
外语教学与研究出版社,一年级,上册,module,8,two,1
外语教学与研究出版社,一年级,上册,module,8,three,1
外语教学与研究出版社,一年级,上册,module,8,four,1
外语教学与研究出版社,一年级,上册,module,8,count,1
外语教学与研究出版社,一年级,上册,module,8,say,1
外语教学与研究出版社,一年级,上册,module,8,five,1
外语教学与研究出版社,一年级,上册,module,8,six,1
外语教学与研究出版社,一年级,上册,module,8,seven,1
外语教学与研究出版社,一年级,上册,module,8,eight,1
外语教学与研究出版社,一年级,上册,module,8,nine,1
外语教学与研究出版社,一年级,上册,module,8,ten,1
外语教学与研究出版社,一年级,上册,module,8,pink,1
外语教学与研究出版社,一年级,上册,module,8,ball,1
外语教学与研究出版社,一年级,上册,module,8,so,1
外语教学与研究出版社,一年级,上册,module,8,many,1
外语教学与研究出版社,一年级,上册,module,8,brown,1
外语教学与研究出版社,一年级,上册,module,9,how old,2
外语教学与研究出版社,一年级,上册,module,9,are,1
外语教学与研究出版社,一年级,上册,module,9,too,1
外语教学与研究出版社,一年级,上册,module,9,happy,1
外语教学与研究出版社,一年级,上册,module,9,birthday,1
外语教学与研究出版社,一年级,上册,module,9,but,1
外语教学与研究出版社,一年级,上册,module,9,for,1
外语教学与研究出版社,一年级,上册,module,9,You're welcome!,3
外语教学与研究出版社,一年级,上册,module,10,father,1
外语教学与研究出版社,一年级,上册,module,10,daddy,1
外语教学与研究出版社,一年级,上册,module,10,mother,1
外语教学与研究出版社,一年级,上册,module,10,grandpa,1
外语教学与研究出版社,一年级,上册,module,10,grandma,1
外语教学与研究出版社,一年级,上册,module,10,friend,1
外语教学与研究出版社,一年级,上册,module,10,his,1
外语教学与研究出版社,一年级,上册,module,10,car,1
外语教学与研究出版社,一年级,上册,module,10,sister,1
外语教学与研究出版社,一年级,上册,module,10,brother,1
外语教学与研究出版社,一年级,上册,module,10,her,1
外语教学与研究出版社,一年级,下册,module,1,,1
外语教学与研究出版社,一年级,上册,module,1,,1
外语教学与研究出版社,一年级,上册,module,1,,1
外语教学与研究出版社,一年级,上册,module,1,,1
外语教学与研究出版社,一年级,上册,module,1,,1
外语教学与研究出版社,一年级,上册,module,1,,1
外语教学与研究出版社,一年级,上册,module,1,,1
外语教学与研究出版社,一年级,上册,module,1,,1
外语教学与研究出版社,一年级,上册,module,1,,1
外语教学与研究出版社,一年级,上册,module,1,,1
外语教学与研究出版社,一年级,上册,module,1,,1
外语教学与研究出版社,一年级,上册,module,1,,1
外语教学与研究出版社,一年级,上册,module,1,,1
外语教学与研究出版社,一年级,上册,module,1,,1
外语教学与研究出版社,一年级,上册,module,1,,1
外语教学与研究出版社,一年级,上册,module,1,,1
外语教学与研究出版社,一年级,上册,module,1,,1
外语教学与研究出版社,一年级,上册,module,1,,1
外语教学与研究出版社,一年级,上册,module,1,,1
外语教学与研究出版社,一年级,上册,module,1,,1
外语教学与研究出版社,一年级,上册,module,1,,1
外语教学与研究出版社,一年级,上册,module,1,,1
外语教学与研究出版社,一年级,上册,module,1,,1
外语教学与研究出版社,一年级,上册,module,1,,1
外语教学与研究出版社,一年级,上册,module,1,,1
外语教学与研究出版社,一年级,上册,module,1,,1
外语教学与研究出版社,一年级,上册,module,1,,1
外语教学与研究出版社,一年级,上册,module,1,,1
外语教学与研究出版社,一年级,上册,module,1,,1
外语教学与研究出版社,一年级,上册,module,1,,1
外语教学与研究出版社,一年级,上册,module,1,,1
外语教学与研究出版社,一年级,上册,module,1,,1
外语教学与研究出版社,一年级,上册,module,1,,1
外语教学与研究出版社,一年级,上册,module,1,,1
外语教学与研究出版社,一年级,上册,module,1,,1
外语教学与研究出版社,一年级,上册,module,1,,1
外语教学与研究出版社,一年级,上册,module,1,,1
外语教学与研究出版社,一年级,上册,module,1,,1
外语教学与研究出版社,一年级,上册,module,1,,1
外语教学与研究出版社,一年级,上册,module,1,,1
外语教学与研究出版社,一年级,上册,module,1,,1
外语教学与研究出版社,一年级,上册,module,1,,1
外语教学与研究出版社,一年级,上册,module,1,,1
外语教学与研究出版社,一年级,上册,module,1,,1
外语教学与研究出版社,一年级,上册,module,1,,1
外语教学与研究出版社,一年级,上册,module,1,,1
外语教学与研究出版社,一年级,上册,module,1,,1
外语教学与研究出版社,一年级,上册,module,1,,1
外语教学与研究出版社,一年级,上册,module,1,,1
外语教学与研究出版社,一年级,上册,module,1,,1
