外语教学与研究出版社,一年级,上册,module,1,hello,1
外语教学与研究出版社,一年级,上册,module,1,hi,1
外语教学与研究出版社,一年级,上册,module,1,aah,1
外语教学与研究出版社,一年级,上册,module,1,ooh,1
外语教学与研究出版社,一年级,上册,module,1,I,1
外语教学与研究出版社,一年级,上册,module,1,am,1
外语教学与研究出版社,一年级,上册,module,1,goodbye,1
外语教学与研究出版社,一年级,上册,module,1,bye,1
外语教学与研究出版社,一年级,上册,module,1,How are you?,3
外语教学与研究出版社,一年级,上册,module,1,woof,1
外语教学与研究出版社,一年级,上册,module,1,no,1
外语教学与研究出版社,一年级,上册,module,1,yes,1
外语教学与研究出版社,一年级,上册,module,1,sorry,1
外语教学与研究出版社,一年级,上册,module,1,fine,1
外语教学与研究出版社,一年级,上册,module,1,thank,1
外语教学与研究出版社,一年级,上册,module,1,you,1
外语教学与研究出版社,一年级,上册,module,2,what,1
外语教学与研究出版社,一年级,上册,module,2,is,1
外语教学与研究出版社,一年级,上册,module,2,your,1
外语教学与研究出版社,一年级,上册,module,2,name,1
外语教学与研究出版社,一年级,上册,module,2,please,1
外语教学与研究出版社,一年级,上册,module,2,good,1
外语教学与研究出版社,一年级,上册,module,2,morning,1
外语教学与研究出版社,一年级,上册,module,2,Ms,1
外语教学与研究出版社,一年级,上册,module,2,my,1
外语教学与研究出版社,一年级,上册,module,2,bird,1
外语教学与研究出版社,一年级,上册,module,2,tweet,1
外语教学与研究出版社,一年级,上册,module,2,a,1
外语教学与研究出版社,一年级,上册,module,2,an,1
外语教学与研究出版社,一年级,上册,module,2,boy,1
外语教学与研究出版社,一年级,上册,module,2,girl,1
外语教学与研究出版社,一年级,上册,module,2,whoops,1
外语教学与研究出版社,一年级,上册,module,2,afternoon,1
外语教学与研究出版社,一年级,上册,module,2,panda,1
外语教学与研究出版社,一年级,上册,module,3,sit,1
外语教学与研究出版社,一年级,上册,module,3,down,1
外语教学与研究出版社,一年级,上册,module,3,stand,1
外语教学与研究出版社,一年级,上册,module,3,up,1
外语教学与研究出版社,一年级,上册,module,3,open,1
外语教学与研究出版社,一年级,上册,module,3,the,1
外语教学与研究出版社,一年级,上册,module,3,window,1
外语教学与研究出版社,一年级,上册,module,3,door,1
外语教学与研究出版社,一年级,上册,module,3,See you!,3
外语教学与研究出版社,一年级,上册,module,3,point,1
外语教学与研究出版社,一年级,上册,module,3,to,1
外语教学与研究出版社,一年级,上册,module,3,aargh,2
外语教学与研究出版社,一年级,上册,module,3,desk,1
外语教学与研究出版社,一年级,上册,module,3,chair,1
外语教学与研究出版社,一年级,上册,module,4,it,1
外语教学与研究出版社,一年级,上册,module,4,it's,2
外语教学与研究出版社,一年级,上册,module,4,red,1
外语教学与研究出版社,一年级,上册,module,4,aha,1
外语教学与研究出版社,一年级,上册,module,4,blue,1
外语教学与研究出版社,一年级,上册,module,4,wow,1
外语教学与研究出版社,一年级,上册,module,4,yellow,1
外语教学与研究出版社,一年级,上册,module,4,oh,1
外语教学与研究出版社,一年级,上册,module,4,colour,1
外语教学与研究出版社,一年级,上册,module,4,green,1
外语教学与研究出版社,一年级,上册,module,4,now,1
外语教学与研究出版社,一年级,上册,module,4,black,1
外语教学与研究出版社,一年级,上册,module,4,white,1
外语教学与研究出版社,一年级,上册,module,4,dog,1
外语教学与研究出版社,一年级,上册,module,4,cat,1
外语教学与研究出版社,一年级,上册,module,4,and,1
外语教学与研究出版社,一年级,上册,module,4,hey,1
外语教学与研究出版社,一年级,上册,module,4,look,1
外语教学与研究出版社,一年级,上册,module,4,orange,1
外语教学与研究出版社,一年级,上册,module,5,this,1
外语教学与研究出版社,一年级,上册,module,5,our,1
外语教学与研究出版社,一年级,上册,module,5,teacher,1
外语教学与研究出版社,一年级,上册,module,5,school,1
外语教学与研究出版社,一年级,上册,module,5,classroom,1
外语教学与研究出版社,一年级,上册,module,5,Nice to meet you.,3
外语教学与研究出版社,一年级,上册,module,5,child,1
外语教学与研究出版社,一年级,上册,module,5,that,1
外语教学与研究出版社,一年级,上册,module,5,bag,1
外语教学与研究出版社,一年级,上册,module,6,schoolbag,1
外语教学与研究出版社,一年级,上册,module,6,book,1
外语教学与研究出版社,一年级,上册,module,6,pen,1
外语教学与研究出版社,一年级,上册,module,6,pencil,1
外语教学与研究出版社,一年级,上册,module,6,ruler,1
外语教学与研究出版社,一年级,上册,module,6,eraser,1
外语教学与研究出版社,一年级,上册,module,6,pencil case,2
外语教学与研究出版社,一年级,上册,module,6,crayon,1
外语教学与研究出版社,一年级,上册,module,7,new,1
外语教学与研究出版社,一年级,上册,module,7,kite,1
外语教学与研究出版社,一年级,上册,module,7,or,1
外语教学与研究出版社,一年级,上册,module,7,not,1
外语教学与研究出版社,一年级,上册,module,7,isn't,2
外语教学与研究出版社,一年级,上册,module,7,monkey,1
外语教学与研究出版社,一年级,上册,module,7,monster,1
外语教学与研究出版社,一年级,上册,module,7,help,1
外语教学与研究出版社,一年级,上册,module,7,house,1
外语教学与研究出版社,一年级,上册,module,7,box,1
外语教学与研究出版社,一年级,上册,module,8,how many,2
外语教学与研究出版社,一年级,上册,module,8,one,1
外语教学与研究出版社,一年级,上册,module,8,two,1
外语教学与研究出版社,一年级,上册,module,8,three,1
外语教学与研究出版社,一年级,上册,module,8,four,1
外语教学与研究出版社,一年级,上册,module,8,count,1
外语教学与研究出版社,一年级,上册,module,8,say,1
外语教学与研究出版社,一年级,上册,module,8,five,1
外语教学与研究出版社,一年级,上册,module,8,six,1
外语教学与研究出版社,一年级,上册,module,8,seven,1
外语教学与研究出版社,一年级,上册,module,8,eight,1
外语教学与研究出版社,一年级,上册,module,8,nine,1
外语教学与研究出版社,一年级,上册,module,8,ten,1
外语教学与研究出版社,一年级,上册,module,8,pink,1
外语教学与研究出版社,一年级,上册,module,8,ball,1
外语教学与研究出版社,一年级,上册,module,8,so,1
外语教学与研究出版社,一年级,上册,module,8,many,1
外语教学与研究出版社,一年级,上册,module,8,brown,1
外语教学与研究出版社,一年级,上册,module,9,how old,2
外语教学与研究出版社,一年级,上册,module,9,are,1
外语教学与研究出版社,一年级,上册,module,9,too,1
外语教学与研究出版社,一年级,上册,module,9,happy,1
外语教学与研究出版社,一年级,上册,module,9,birthday,1
外语教学与研究出版社,一年级,上册,module,9,but,1
外语教学与研究出版社,一年级,上册,module,9,for,1
外语教学与研究出版社,一年级,上册,module,9,You're welcome!,3
外语教学与研究出版社,一年级,上册,module,10,father,1
外语教学与研究出版社,一年级,上册,module,10,daddy,1
外语教学与研究出版社,一年级,上册,module,10,mother,1
外语教学与研究出版社,一年级,上册,module,10,grandpa,1
外语教学与研究出版社,一年级,上册,module,10,grandma,1
外语教学与研究出版社,一年级,上册,module,10,friend,1
外语教学与研究出版社,一年级,上册,module,10,his,1
外语教学与研究出版社,一年级,上册,module,10,car,1
外语教学与研究出版社,一年级,上册,module,10,sister,1
外语教学与研究出版社,一年级,上册,module,10,brother,1
外语教学与研究出版社,一年级,上册,module,10,her,1
外语教学与研究出版社,一年级,下册,module,1,he,1
外语教学与研究出版社,一年级,下册,module,1,doctor,1
外语教学与研究出版社,一年级,下册,module,1,she,1
外语教学与研究出版社,一年级,下册,module,1,me,1
外语教学与研究出版社,一年级,下册,module,1,nurse,1
外语教学与研究出版社,一年级,下册,module,1,driver,1
外语教学与研究出版社,一年级,下册,module,1,policeman,1
外语教学与研究出版社,一年级,下册,module,1,pupil,1
外语教学与研究出版社,一年级,下册,module,2,where,1
外语教学与研究出版社,一年级,下册,module,2,in,1
外语教学与研究出版社,一年级,下册,module,2,on,1
外语教学与研究出版社,一年级,下册,module,2,hat,1
外语教学与研究出版社,一年级,下册,module,2,under,1
外语教学与研究出版社,一年级,下册,module,2,toy,1
外语教学与研究出版社,一年级,下册,module,2,bed,1
外语教学与研究出版社,一年级,下册,module,2,look at,2
外语教学与研究出版社,一年级,下册,module,2,bear,1
外语教学与研究出版社,一年级,下册,module,3,eleven,1
外语教学与研究出版社,一年级,下册,module,3,twelve,1
外语教学与研究出版社,一年级,下册,module,3,don’t',2
外语教学与研究出版社,一年级,下册,module,3,know,1
外语教学与研究出版社,一年级,下册,module,3,other,1
外语教学与研究出版社,一年级,下册,module,3,fish,1
外语教学与研究出版社,一年级,下册,module,3,tree,1
外语教学与研究出版社,一年级,下册,module,3,let's,2
外语教学与研究出版社,一年级,下册,module,4,head,1
外语教学与研究出版社,一年级,下册,module,4,touch,1
外语教学与研究出版社,一年级,下册,module,4,nose,1
外语教学与研究出版社,一年级,下册,module,4,face,1
外语教学与研究出版社,一年级,下册,module,4,ear,1
外语教学与研究出版社,一年级,下册,module,4,mouth,1
外语教学与研究出版社,一年级,下册,module,4,eye,1
外语教学与研究出版社,一年级,下册,module,4,body,1
外语教学与研究出版社,一年级,下册,module,4,these,1
外语教学与研究出版社,一年级,下册,module,4,leg,1
外语教学与研究出版社,一年级,下册,module,4,hand,1
外语教学与研究出版社,一年级,下册,module,4,feet,1
外语教学与研究出版社,一年级,下册,module,4,baby,1
外语教学与研究出版社,一年级,下册,module,5,they,1
外语教学与研究出版社,一年级,下册,module,5,they're,2
外语教学与研究出版社,一年级,下册,module,5,cow,1
外语教学与研究出版社,一年级,下册,module,5,pig,1
外语教学与研究出版社,一年级,下册,module,5,farm,1
外语教学与研究出版社,一年级,下册,module,5,duck,1
外语教学与研究出版社,一年级,下册,module,5,chicken,1
外语教学与研究出版社,一年级,下册,module,5,egg,1
外语教学与研究出版社,一年级,下册,module,5,thin,1
外语教学与研究出版社,一年级,下册,module,5,very,1
外语教学与研究出版社,一年级,下册,module,5,fat,1
外语教学与研究出版社,一年级,下册,module,5,big,1
外语教学与研究出版社,一年级,下册,module,5,little,1
外语教学与研究出版社,一年级,下册,module,6,snake,1
外语教学与研究出版社,一年级,下册,module,6,short,1
外语教学与研究出版社,一年级,下册,module,6,small,1
外语教学与研究出版社,一年级,下册,module,6,elephant,1
外语教学与研究出版社,一年级,下册,module,6,go,1
外语教学与研究出版社,一年级,下册,module,6,zoo,1
外语教学与研究出版社,一年级,下册,module,6,long,1
外语教学与研究出版社,一年级,下册,module,6,giraffe,1
外语教学与研究出版社,一年级,下册,module,6,tall,1
外语教学与研究出版社,一年级,下册,module,6,tiger,1
外语教学与研究出版社,一年级,下册,module,6,cute,1
外语教学与研究出版社,一年级,下册,module,6,strong,1
外语教学与研究出版社,一年级,下册,module,6,horse,1
外语教学与研究出版社,一年级,下册,module,6,aren't,2
外语教学与研究出版社,一年级,下册,module,7,there is,2
外语教学与研究出版社,一年级,下册,module,7,animal,1
外语教学与研究出版社,一年级,下册,module,7,can,1
外语教学与研究出版社,一年级,下册,module,7,see,1
外语教学与研究出版社,一年级,下册,module,7,there are,2
外语教学与研究出版社,一年级,下册,module,7,help,1
外语教学与研究出版社,一年级,下册,module,7,over there,2
外语教学与研究出版社,一年级,下册,module,7,table,1
外语教学与研究出版社,一年级,下册,module,7,we,1
外语教学与研究出版社,一年级,下册,module,7,miaow,1
外语教学与研究出版社,一年级,下册,module,7,some,1
外语教学与研究出版社,一年级,下册,module,7,at,1
外语教学与研究出版社,一年级,下册,module,8,a pair of,2
外语教学与研究出版社,一年级,下册,module,8,shorts,1
外语教学与研究出版社,一年级,下册,module,8,shirt,1
外语教学与研究出版社,一年级,下册,module,8,shoe,1
外语教学与研究出版社,一年级,下册,module,8,swim,1
外语教学与研究出版社,一年级,下册,module,8,sock,1
外语教学与研究出版社,一年级,下册,module,8,put on,2
外语教学与研究出版社,一年级,下册,module,8,clothes,1
外语教学与研究出版社,一年级,下册,module,8,here,1
外语教学与研究出版社,一年级,下册,module,8,football,1
外语教学与研究出版社,一年级,下册,module,8,basketball,1
外语教学与研究出版社,一年级,下册,module,8,ping-pong,2
外语教学与研究出版社,一年级,下册,module,9,like,1
外语教学与研究出版社,一年级,下册,module,9,lion,1
外语教学与研究出版社,一年级,下册,module,9,them,1
外语教学与研究出版社,一年级,下册,module,9,all,1
外语教学与研究出版社,一年级,下册,module,9,play,1
外语教学与研究出版社,一年级,下册,module,9,with,1
外语教学与研究出版社,一年级,下册,module,9,together,1
外语教学与研究出版社,一年级,下册,module,9,favourite,1
外语教学与研究出版社,一年级,下册,module,9,sport,1
外语教学与研究出版社,一年级,下册,module,9,guess,1
外语教学与研究出版社,一年级,下册,module,9,meatball,1
外语教学与研究出版社,一年级,下册,module,9,What about?,2
外语教学与研究出版社,一年级,下册,module,9,swimming,1
外语教学与研究出版社,一年级,下册,module,10,idea,1
外语教学与研究出版社,一年级,下册,module,10,hot,1
外语教学与研究出版社,一年级,下册,module,10,go swimming,2
外语教学与研究出版社,一年级,下册,module,10,sing,1
外语教学与研究出版社,一年级,下册,module,10,dance,1
外语教学与研究出版社,一年级,下册,module,10,tired,1
外语教学与研究出版社,二年级,上册,module,1,song,1
外语教学与研究出版社,二年级,上册,module,1,come on,2
外语教学与研究出版社,二年级,上册,module,1,team,1
外语教学与研究出版社,二年级,上册,module,2,meat,1
外语教学与研究出版社,二年级,上册,module,2,noodles,1
外语教学与研究出版社,二年级,上册,module,2,sweets,1
外语教学与研究出版社,二年级,上册,module,2,rice,1
外语教学与研究出版社,二年级,上册,module,2,children,1
外语教学与研究出版社,二年级,上册,module,2,ginger,1
外语教学与研究出版社,二年级,上册,module,2,nice,1
外语教学与研究出版社,二年级,上册,module,2,mm,1
外语教学与研究出版社,二年级,上册,module,2,onion,1
外语教学与研究出版社,二年级,上册,module,2,ice cream,2
外语教学与研究出版社,二年级,上册,module,3,banana,1
外语教学与研究出版社,二年级,上册,module,3,apple,1
外语教学与研究出版社,二年级,上册,module,3,orange,1
外语教学与研究出版社,二年级,上册,module,3,fruit,1
外语教学与研究出版社,二年级,上册,module,3,milkshake,1
外语教学与研究出版社,二年级,上册,module,3,Here you are.,3
外语教学与研究出版社,二年级,上册,module,3,everything,1
外语教学与研究出版社,二年级,上册,module,3,tomato,1
外语教学与研究出版社,二年级,上册,module,3,really,1
外语教学与研究出版社,二年级,上册,module,3,their,1
外语教学与研究出版社,二年级,上册,module,3,favourite,1
外语教学与研究出版社,二年级,上册,module,4,T-shirt,1
外语教学与研究出版社,二年级,上册,module,4,here's,2
外语教学与研究出版社,二年级,上册,module,4,hm,1
外语教学与研究出版社,二年级,上册,module,4,dress,1
外语教学与研究出版社,二年级,上册,module,4,too,1
外语教学与研究出版社,二年级,上册,module,4,one,1
外语教学与研究出版社,二年级,上册,module,4,doesn't,2
外语教学与研究出版社,二年级,上册,module,4,trousers,1
外语教学与研究出版社,二年级,上册,module,4,party,1
外语教学与研究出版社,二年级,上册,module,5,get up,2
外语教学与研究出版社,二年级,上册,module,5,poster,1
外语教学与研究出版社,二年级,上册,module,5,go to school,2
外语教学与研究出版社,二年级,上册,module,5,have,1
外语教学与研究出版社,二年级,上册,module,5,lunch,1
外语教学与研究出版社,二年级,上册,module,5,have lunch,2
外语教学与研究出版社,二年级,上册,module,5,home,1
外语教学与研究出版社,二年级,上册,module,5,go home,2
外语教学与研究出版社,二年级,上册,module,5,watch,1
外语教学与研究出版社,二年级,上册,module,5,TV,1
外语教学与研究出版社,二年级,上册,module,5,watch TV,2
外语教学与研究出版社,二年级,上册,module,6,on,1
外语教学与研究出版社,二年级,上册,module,6,Sunday,1
外语教学与研究出版社,二年级,上册,module,6,park,1
外语教学与研究出版社,二年级,上册,module,6,great,1
外语教学与研究出版社,二年级,上册,module,6,goal,1
外语教学与研究出版社,二年级,上册,module,6,hooray,1
外语教学与研究出版社,二年级,上册,module,6,live,1
外语教学与研究出版社,二年级,上册,module,6,moon,1
外语教学与研究出版社,二年级,上册,module,6,sky,1
外语教学与研究出版社,二年级,上册,module,6,city,1
外语教学与研究出版社,二年级,上册,module,7,how,1
外语教学与研究出版社,二年级,上册,module,7,train,1
外语教学与研究出版社,二年级,上册,module,7,chug,1
外语教学与研究出版社,二年级,上册,module,7,bus,1
外语教学与研究出版社,二年级,上册,module,7,beep,1
外语教学与研究出版社,二年级,上册,module,7,by,1
外语教学与研究出版社,二年级,上册,module,7,walk,1
外语教学与研究出版社,二年级,上册,module,7,how about?,3
外语教学与研究出版社,二年级,上册,module,7,goes,1
外语教学与研究出版社,二年级,上册,module,7,work,1
外语教学与研究出版社,二年级,上册,module,7,go to work,2
外语教学与研究出版社,二年级,上册,module,7,bike,1
外语教学与研究出版社,二年级,上册,module,7,with,1
外语教学与研究出版社,二年级,上册,module,7,run,1
外语教学与研究出版社,二年级,上册,module,7,holiday,1
外语教学与研究出版社,二年级,上册,module,7,on holiday,2
外语教学与研究出版社,二年级,上册,module,7,then,1
外语教学与研究出版社,二年级,上册,module,7,ship,1
外语教学与研究出版社,二年级,上册,module,7,plane,1
外语教学与研究出版社,二年级,上册,module,7,love,1
外语教学与研究出版社,二年级,上册,module,8,watches,1
外语教学与研究出版社,二年级,上册,module,8,weekend,1
外语教学与研究出版社,二年级,上册,module,8,read,1
外语教学与研究出版社,二年级,上册,module,8,come,1
外语教学与研究出版社,二年级,上册,module,8,play,1
外语教学与研究出版社,二年级,上册,module,8,piano,1
外语教学与研究出版社,二年级,上册,module,8,music,1
外语教学与研究出版社,二年级,上册,module,8,listen,1
外语教学与研究出版社,二年级,上册,module,8,listen to,2
外语教学与研究出版社,二年级,上册,module,8,CD,1
外语教学与研究出版社,二年级,上册,module,8,drum,1
外语教学与研究出版社,二年级,上册,module,9,winter,1
外语教学与研究出版社,二年级,上册,module,9,fly,1
外语教学与研究出版社,二年级,上册,module,9,in,1
外语教学与研究出版社,二年级,上册,module,9,spring,1
外语教学与研究出版社,二年级,上册,module,9,summer,1
外语教学与研究出版社,二年级,上册,module,9,autumn,1
外语教学与研究出版社,二年级,上册,module,9,skating,1
外语教学与研究出版社,二年级,上册,module,9,go skating,2
外语教学与研究出版社,二年级,上册,module,9,warm,1
外语教学与研究出版社,二年级,上册,module,9,jacket,1
外语教学与研究出版社,二年级,上册,module,9,sunglasses,1
外语教学与研究出版社,二年级,上册,module,9,cool,1
外语教学与研究出版社,二年级,上册,module,9,sweater,1
外语教学与研究出版社,二年级,上册,module,9,glove,1
外语教学与研究出版社,二年级,上册,module,9,cold,1
外语教学与研究出版社,二年级,上册,module,9,coat,1
外语教学与研究出版社,二年级,上册,module,9,hot,1
外语教学与研究出版社,二年级,上册,module,10,year,1
外语教学与研究出版社,二年级,上册,module,10,Happy new year!,3
外语教学与研究出版社,二年级,上册,module,10,come in,2
外语教学与研究出版社,二年级,上册,module,10,present,1
外语教学与研究出版社,二年级,上册,module,10,dumpling,1
外语教学与研究出版社,二年级,上册,module,10,eat,1
外语教学与研究出版社,二年级,上册,module,10,Chinese,1
外语教学与研究出版社,二年级,上册,module,10,hair,1
外语教学与研究出版社,二年级,上册,module,10,firecracker,1
外语教学与研究出版社,二年级,上册,module,10,have,1
外语教学与研究出版社,二年级,上册,module,10,Christmas,1
外语教学与研究出版社,二年级,上册,module,10,wish,1
外语教学与研究出版社,二年级,上册,module,10,dinner,1
外语教学与研究出版社,二年级,下册,module,1,weather,1
外语教学与研究出版社,二年级,下册,module,1,like,1
外语教学与研究出版社,二年级,下册,module,1,what's the weather like?,3
外语教学与研究出版社,二年级,下册,module,1,sunny,1
外语教学与研究出版社,二年级,下册,module,1,windy,1
外语教学与研究出版社,二年级,下册,module,1,take,1
外语教学与研究出版社,二年级,下册,module,1,cap,1
外语教学与研究出版社,二年级,下册,module,1,sofa,1
外语教学与研究出版社,二年级,下册,module,1,street,1
外语教学与研究出版社,二年级,下册,module,1,rain,1
外语教学与研究出版社,二年级,下册,module,1,snow,1
外语教学与研究出版社,二年级,下册,module,1,ski,1
外语教学与研究出版社,二年级,下册,module,2,radio,1
外语教学与研究出版社,二年级,下册,module,2,photo,1
外语教学与研究出版社,二年级,下册,module,2,newspaper,1
外语教学与研究出版社,二年级,下册,module,2,little,1
外语教学与研究出版社,二年级,下册,module,2,camera,1
外语教学与研究出版社,二年级,下册,module,2,smile,1
外语教学与研究出版社,二年级,下册,module,2,draw,1
外语教学与研究出版社,二年级,下册,module,2,picture,1
外语教学与研究出版社,二年级,下册,module,2,write,1
外语教学与研究出版社,二年级,下册,module,2,letter,1
外语教学与研究出版社,二年级,下册,module,2,colour,1
外语教学与研究出版社,二年级,下册,module,3,tidy,1
外语教学与研究出版社,二年级,下册,module,3,room,1
外语教学与研究出版社,二年级,下册,module,3,do,1
外语教学与研究出版社,二年级,下册,module,3,homework,1
外语教学与研究出版社,二年级,下册,module,3,sleep,1
外语教学与研究出版社,二年级,下册,module,3,secret,1
外语教学与研究出版社,二年级,下册,module,3,card,1
外语教学与研究出版社,二年级,下册,module,3,flower,1
外语教学与研究出版社,二年级,下册,module,3,science,1
外语教学与研究出版社,二年级,下册,module,3,today,1
外语教学与研究出版社,二年级,下册,module,4,call,1
外语教学与研究出版社,二年级,下册,module,4,noise,1
外语教学与研究出版社,二年级,下册,module,4,drink,1
外语教学与研究出版社,二年级,下册,module,4,talk,1
外语教学与研究出版社,二年级,下册,module,4,store,1
外语教学与研究出版社,二年级,下册,module,4,five-stones,2
外语教学与研究出版社,二年级,下册,module,4,behind,1
外语教学与研究出版社,二年级,下册,module,4,hide,1
外语教学与研究出版社,二年级,下册,module,4,seek,1
外语教学与研究出版社,二年级,下册,module,4,hide-and-seek,2
外语教学与研究出版社,二年级,下册,module,5,skip,1
外语教学与研究出版社,二年级,下册,module,5,hurry up,2
外语教学与研究出版社,二年级,下册,module,5,late,1
外语教学与研究出版社,二年级,下册,module,5,sad,1
外语教学与研究出版社,二年级,下册,module,5,no,1
外语教学与研究出版社,二年级,下册,module,5,those,1
外语教学与研究出版社,二年级,下册,module,5,clap,1
外语教学与研究出版社,二年级,下册,module,5,game,1
外语教学与研究出版社,二年级,下册,module,5,clapping game,2
外语教学与研究出版社,二年级,下册,module,5,well,1
外语教学与研究出版社,二年级,下册,module,5,kid,1
外语教学与研究出版社,二年级,下册,module,5,catch,1
外语教学与研究出版社,二年级,下册,module,5,of course,2
外语教学与研究出版社,二年级,下册,module,6,usually,1
外语教学与研究出版社,二年级,下册,module,6,us,1
外语教学与研究出版社,二年级,下册,module,6,ride,1
外语教学与研究出版社,二年级,下册,module,6,thing,1
外语教学与研究出版社,二年级,下册,module,6,ill,1
外语教学与研究出版社,二年级,下册,module,6,cook,1
外语教学与研究出版社,二年级,下册,module,6,her,1
外语教学与研究出版社,二年级,下册,module,6,go shopping,2
外语教学与研究出版社,二年级,下册,module,6,kitchen,1
外语教学与研究出版社,二年级,下册,module,7,Children's Day,2
外语教学与研究出版社,二年级,下册,module,7,TV,1
外语教学与研究出版社,二年级,下册,module,7,play,1
外语教学与研究出版社,二年级,下册,module,7,say,1
外语教学与研究出版社,二年级,下册,module,7,poem,1
外语教学与研究出版社,二年级,下册,module,7,dragon,1
外语教学与研究出版社,二年级,下册,module,7,dragon dance,2
外语教学与研究出版社,二年级,下册,module,7,picnic,1
外语教学与研究出版社,二年级,下册,module,7,family,1
外语教学与研究出版社,二年级,下册,module,7,beach,1
外语教学与研究出版社,二年级,下册,module,8,hill,1
外语教学与研究出版社,二年级,下册,module,8,past,1
外语教学与研究出版社,二年级,下册,module,8,station,1
外语教学与研究出版社,二年级,下册,module,8,hospital,1
外语教学与研究出版社,二年级,下册,module,8,stop,1
外语教学与研究出版社,二年级,下册,module,8,turn,1
外语教学与研究出版社,二年级,下册,module,8,around,1
外语教学与研究出版社,二年级,下册,module,8,turn around,2
外语教学与研究出版社,二年级,下册,module,8,ground,1
外语教学与研究出版社,二年级,下册,module,8,again,1
外语教学与研究出版社,二年级,下册,module,8,jump,1
外语教学与研究出版社,二年级,下册,module,8,back,1
外语教学与研究出版社,二年级,下册,module,8,come back,2
外语教学与研究出版社,二年级,下册,module,9,left,1
外语教学与研究出版社,二年级,下册,module,9,turn left,2
外语教学与研究出版社,二年级,下册,module,9,right,1
外语教学与研究出版社,二年级,下册,module,9,turn right,2
外语教学与研究出版社,二年级,下册,module,9,road,1
外语教学与研究出版社,二年级,下册,module,9,excuse me,2
外语教学与研究出版社,二年级,下册,module,9,straight,1
外语教学与研究出版社,二年级,下册,module,9,go straight on,2
外语教学与研究出版社,二年级,下册,module,9,lost,1
外语教学与研究出版社,二年级,下册,module,9,out,1
外语教学与研究出版社,二年级,下册,module,9,factory,1
外语教学与研究出版社,二年级,下册,module,10,next to,2
外语教学与研究出版社,二年级,下册,module,10,cousin,1
外语教学与研究出版社,二年级,下册,module,10,supermarket,1
外语教学与研究出版社,二年级,下册,module,10,wrong,1
外语教学与研究出版社,二年级,下册,module,10,way,1
外语教学与研究出版社,二年级,下册,module,10,turn back,2
外语教学与研究出版社,二年级,下册,module,10,front,1
外语教学与研究出版社,二年级,下册,module,10,in front of,2
外语教学与研究出版社,二年级,下册,module,10,well,1
外语教学与研究出版社,二年级,下册,module,10,taxi,1
外语教学与研究出版社,二年级,下册,module,10,Mrs,1
外语教学与研究出版社,二年级,下册,module,10,cinema,1
外语教学与研究出版社,三年级,上册,module,1,use,1
外语教学与研究出版社,三年级,上册,module,1,want,1
外语教学与研究出版社,三年级,上册,module,1,hungry,1
外语教学与研究出版社,三年级,上册,module,1,easy,1
外语教学与研究出版社,三年级,上册,module,1,grass,1
外语教学与研究出版社,三年级,上册,module,1,food,1
外语教学与研究出版社,三年级,上册,module,2,make,1
外语教学与研究出版社,三年级,上册,module,2,cake,1
外语教学与研究出版社,三年级,上册,module,2,mum,1
外语教学与研究出版社,三年级,上册,module,2,dad,1
外语教学与研究出版社,三年级,上册,module,2,water,1
外语教学与研究出版社,三年级,上册,module,2,lovely,1
外语教学与研究出版社,三年级,上册,module,3,boat,1
外语教学与研究出版社,三年级,上册,module,3,people,1
外语教学与研究出版社,三年级,上册,module,3,lake,1
外语教学与研究出版社,三年级,上册,module,3,bread,1
外语教学与研究出版社,三年级,上册,module,4,far,1
外语教学与研究出版社,三年级,上册,module,4,fast,1
外语教学与研究出版社,三年级,上册,module,4,slow,1
外语教学与研究出版社,三年级,上册,module,4,fly,1
外语教学与研究出版社,三年级,上册,module,4,cry,1
外语教学与研究出版社,三年级,上册,module,5,drink,1
外语教学与研究出版社,三年级,上册,module,5,shop,1
外语教学与研究出版社,三年级,上册,module,5,thanks,1
外语教学与研究出版社,三年级,上册,module,5,library,1
外语教学与研究出版社,三年级,上册,module,5,worry,1
外语教学与研究出版社,三年级,上册,module,6,wash,1
外语教学与研究出版社,三年级,上册,module,6,pear,1
外语教学与研究出版社,三年级,上册,module,6,peach,1
外语教学与研究出版社,三年级,上册,module,6,football,1
外语教学与研究出版社,三年级,上册,module,7,clever,1
外语教学与研究出版社,三年级,上册,module,7,cold,1
外语教学与研究出版社,三年级,上册,module,7,class,1
外语教学与研究出版社,三年级,上册,module,7,begin,1
外语教学与研究出版社,三年级,上册,module,8,bring,1
外语教学与研究出版社,三年级,上册,module,8,umbrella,1
外语教学与研究出版社,三年级,上册,module,8,get,1
外语教学与研究出版社,三年级,上册,module,9,high,1
外语教学与研究出版社,三年级,上册,module,9,star,1
外语教学与研究出版社,三年级,上册,module,9,uncle,1
外语教学与研究出版社,三年级,上册,module,10,visit,1
外语教学与研究出版社,三年级,上册,module,10,film,1
