外语教学与研究出版社,一年级,上册,module,1,hello,1,"[{'int.': ['哈喽，喂', '你好，您好', '表示问候', '打招呼']}, {'n.': ['“喂”的招呼声或问候声']}, {'vi.': ['喊“喂”']}]"
外语教学与研究出版社,一年级,上册,module,1,hi,1,"[{'int.': ['（用作问候语）嘿，喂']}, {'abbr.': ['夏威夷群岛的书面缩写', '（=high intensity）高强度']}]"
外语教学与研究出版社,一年级,上册,module,1,aah,1,[{'v.': ['（因兴奋，惊讶，困惑）发啧啧声，惊呼']}]
外语教学与研究出版社,一年级,上册,module,1,ooh,1,[{'int.': ['（表示惊讶、欣喜、痛苦等）嚯，呵']}]
外语教学与研究出版社,一年级,上册,module,1,I,1,"[{'n.': ['（第一人称单数代词，用作动词的主语）我', '英文字母i']}]"
外语教学与研究出版社,一年级,上册,module,1,am,1,"[{'abbr.': ['(=amplitude modulation) <无>调频，调谐']}, {'vi.': ['（用于第一人称单数现在时）是']}, {'aux.': ['（与v-ing连用构成现在进行时，与v-ed连用构成被动语态）']}]"
外语教学与研究出版社,一年级,上册,module,1,goodbye,1,[{'n.': ['再见']}]
外语教学与研究出版社,一年级,上册,module,1,bye,1,"[{'int.': ['再见，回头见']}, {'n.': ['次要的东西', '（体育比赛中）轮空']}]"
外语教学与研究出版社,一年级,上册,module,1,woof,1,"[{'n.': ['织物', '纬线', '低吠声', '低音']}]"
外语教学与研究出版社,一年级,上册,module,1,no,1,"[{'adv.': ['不', '否', '一点也没有']}, {'adj.': ['没有的', '不许的', '一点儿也没有', '决不是的']}, {'n.': ['不', '否定，否认', '反对票', '否决票']}, {'abbr.': ['数字(number)', '元素锘(nobelium)的符号']}]"
外语教学与研究出版社,一年级,上册,module,1,yes,1,"[{'adv.': ['是', '（表示刚想起某事）哦', '（表示不相信某人所言）真的吗', '（鼓励某人继续讲）往下说']}, {'n.': ['“是”，“行”', '同意，答应', '肯定的回答', '赞成票']}]"
外语教学与研究出版社,一年级,上册,module,1,sorry,1,"[{'adj.': ['对不起的', '无价值的，低等的', '遗憾的', '感到伤心的']}]"
外语教学与研究出版社,一年级,上册,module,1,fine,1,"[{'adj.': ['好的，上等的', '纤细的，精致的', '健康的', '晴朗的']}, {'n.': ['罚款', '[音乐]终止', '晴天', '地租']}, {'vt.': ['罚款', '澄清']}, {'adv.': ['很好地', '巧妙地']}]"
外语教学与研究出版社,一年级,上册,module,1,thank,1,"[{'vt.': ['谢谢，感谢', '责怪，把…归于']}, {'n.': ['感谢，谢谢，道谢的话']}]"
外语教学与研究出版社,一年级,上册,module,1,you,1,"[{'pron.': ['你', '你们，您们', '各位', '大家']}]"
外语教学与研究出版社,一年级,上册,module,2,what,1,"[{'pron.': ['（用以询问某人或某事物的词）什么，多少', '…的事物']}, {'adj.': ['…的（事物或人）']}, {'adv.': ['（用于感叹句中）']}, {'int.': ['（用以表示不相信或惊奇）', '（用以表示未听清楚对方说的话）']}]"
外语教学与研究出版社,一年级,上册,module,2,is,1,"[{'vt.& vi.': ['是（be的三单形式']}, {'n.': ['存在']}]"
外语教学与研究出版社,一年级,上册,module,2,your,1,"[{'pron.': ['你的，你们的', '尊', '玉', '乃']}]"
外语教学与研究出版社,一年级,上册,module,2,name,1,"[{'n.': ['名字', '名声', '有…名称的', '著名的人物']}, {'vt.': ['确定', '决定', '给…取名', '说出…的名字']}, {'adj.': ['著名的', '据以取名']}]"
外语教学与研究出版社,一年级,上册,module,2,please,1,"[{'int.': ['请']}, {'vt.& vi.': ['使高兴', '使满意', '讨人喜欢', '讨好']}]"
外语教学与研究出版社,一年级,上册,module,2,good,1,"[{'adj.': ['好的', '优秀的', '有益的', '漂亮的，健全的']}, {'n.': ['好处，利益', '善良', '善行', '好人']}, {'adv.': ['同well']}]"
外语教学与研究出版社,一年级,上册,module,2,morning,1,"[{'n.': ['早晨', '上午', '黎明', '早期，初期']}]"
外语教学与研究出版社,一年级,上册,module,2,Ms,1,"[{'abbr.': ['Montserrat 蒙塞拉特岛', 'Microsoft 微软公司', 'Military Standard 军标']}]"
外语教学与研究出版社,一年级,上册,module,2,my,1,"[{'adj.': ['我的(I的所有格形式)']}, {'int.': ['啊呀', '天啊']}]"
外语教学与研究出版社,一年级,上册,module,2,bird,1,"[{'n.': ['鸟，禽', '<俚>少女，姑娘，人，家伙，东西', '<口>飞机，火箭，导弹']}, {'vi.': ['观察和辨认鸟', '捕鸟，打鸟']}]"
外语教学与研究出版社,一年级,上册,module,2,tweet,1,"[{'vi.': ['鸣叫']}, {'n.': ['小鸟啼叫，自录音再现装置发出的高音']}]"
外语教学与研究出版社,一年级,上册,module,2,a,1,"[{'art.': ['一（个）', '每一（个）', '任一（个）']}]"
外语教学与研究出版社,一年级,上册,module,2,an,1,"[{'art.': ['一（在元音字母前代替不定代词a）', '一任一某一', '一个']}]"
外语教学与研究出版社,一年级,上册,module,2,boy,1,"[{'n.': ['男孩，少年', '儿子', '小伙子，家伙', '服务员']}]"
外语教学与研究出版社,一年级,上册,module,2,girl,1,"[{'n.': ['女孩', '姑娘，未婚女子', '女职员，女演员', '（男人的）女朋友']}]"
外语教学与研究出版社,一年级,上册,module,2,whoops,1,"[{'int.': ['<口>哎哟（犯明显错误时的道歉）']}, {'n.': ['大叫( whoop的名词复数 )', '呐喊', '喘息声', '哮喘声']}, {'v.': ['叫喊( whoop的第三人称单数 )', '高声说', '唤起']}]"
外语教学与研究出版社,一年级,上册,module,2,afternoon,1,"[{'n.': ['下午', '后期，后部']}]"
外语教学与研究出版社,一年级,上册,module,2,panda,1,"[{'n.': ['熊猫', '猫熊']}]"
外语教学与研究出版社,一年级,上册,module,3,sit,1,"[{'vt.& vi.': ['（使）坐']}, {'vi.': ['坐落', '处在', '（在…中）任职', '（议会、委员会、法庭等）开会']}, {'vt.': ['使就座']}]"
外语教学与研究出版社,一年级,上册,module,3,down,1,"[{'adv.': ['（坐、倒、躺）下', '向下', '（表示范围或顺序的限度）下至']}, {'prep.': ['（从高处）向下', '（表示位置）在…的下方', '（表示方向）沿着…向下', '（表示时间）自…以来']}, {'adj.': ['向下的', '沮丧的', '计算机或计算机系统停机', '（以…）落后于对手的']}, {'n.': ['（鸟的）绒羽', '绒毛', '软毛', '汗毛']}, {'vt.': ['放下', '（尤指大口或快速地）喝下', '使摔倒', '击落（敌机等）']}, {'vi.': ['[常用于祈使句中]下去', '下来', '卧倒', '下降']}]"
外语教学与研究出版社,一年级,上册,module,3,stand,1,"[{'n.': ['台，看台', '立场', '停止', '抵抗']}, {'vi.': ['站立，起立', '竖直放置', '保持看法', '停滞']}, {'vt.': ['使站立', '忍受', '抵御', '承担责任']}, {'vt.& vi.': ['站立，（使）直立，站着']}]"
外语教学与研究出版社,一年级,上册,module,3,up,1,"[{'adv.': ['在上面，在高处', '起床，起来', '向上', '由低到高']}, {'adj.': ['向上的', '上升的', '竖立的，垂直的', '举起的']}, {'vt.& vi.': ['增加', '加速', '提高', '举起，拿起']}, {'prep.': ['在…的上端', '向高处', '沿…而去', '向…上游']}, {'n.': ['上升，升高', '兴旺，繁荣', '上坡', '（价格等）上涨']}]"
外语教学与研究出版社,一年级,上册,module,3,open,1,"[{'adj.': ['敞开的，开着的', '公开的，公共的', '坦率的', '有议论余地的']}, {'vt.& vi.': ['（打）开', '开始', '睁开', '启动']}, {'n.': ['户外，野外', '空旷', '公开']}, {'vi.': ['使打开', '展示，显现']}, {'vt.': ['张开', '开放', '开张营业', '为（建筑物）揭幕']}]"
外语教学与研究出版社,一年级,上册,module,3,the,1,"[{'art.': ['指已提到的人（物）', '指说话人与听者已知的人（物）', '用于独一无二的事物前', '与形容词最高级和序数词连用']}]"
外语教学与研究出版社,一年级,上册,module,3,window,1,"[{'n.': ['窗，窗户', '窗口', '〈美俚〉眼镜']}]"
外语教学与研究出版社,一年级,上册,module,3,door,1,"[{'n.': ['门，户', '出入口', '一家[户]', '通道']}]"
外语教学与研究出版社,一年级,上册,module,3,point,1,"[{'n.': ['点', '要点', '得分', '标点']}, {'vt.': ['（意思上）指向', '削尖', '加标点于', '指路']}, {'vi.': ['表明', '指向']}]"
外语教学与研究出版社,一年级,上册,module,3,to,1,"[{'prep.': ['向，朝着', '到', '关于', '属于']}, {'adv.': ['朝一个方向的', '到某种状态', '关闭']}]"
外语教学与研究出版社,一年级,上册,module,3,desk,1,"[{'n.': ['书桌，办公桌', '服务台', '部门', '（美）讲道台']}, {'adj.': ['书桌的，书桌上用的']}]"
外语教学与研究出版社,一年级,上册,module,3,chair,1,"[{'n.': ['椅子', '大学教授职位', '主持会议的主席（的席位或职位）', '讲座']}, {'vt.': ['主持', '使…入座', '使就任要职']}]"
外语教学与研究出版社,一年级,上册,module,4,it,1,"[{'pron.': ['它', '他', '正好是所需的', '事实[情况]']}, {'n.': ['<美俚>傻瓜，笨蛋', '<俚>绝妙的人', '理想的东西', '登峰造极']}]"
外语教学与研究出版社,一年级,上册,module,4,red,1,"[{'adj.': ['红色的', '（脸）涨红的', '烧红的', '红头发的']}, {'n.': ['红色', '红衣服', '红颜料', '红葡萄酒']}]"
外语教学与研究出版社,一年级,上册,module,4,aha,1,[{'int.': ['啊哈（表示惊讶、胜利、嘲弄等）']}]
外语教学与研究出版社,一年级,上册,module,4,blue,1,"[{'n.': ['蓝色', '[复数]（美国海、陆、空三军穿的）蓝色制服', '蓝颜料', '[the blue(s)][用作单数或复数]布鲁斯（歌曲）（一种伤感的美国黑人民歌）']}, {'adj.': ['蓝色的', '沮丧的，忧郁的', '下流的']}, {'vt.': ['把…染成蓝色', '使成蓝色', '给…用上蓝剂', '用上蓝剂于']}, {'vi.': ['变成蓝色，呈蓝色']}]"
外语教学与研究出版社,一年级,上册,module,4,wow,1,"[{'int.': ['哇！呀！']}, {'n.': ['一鸣惊人', '音符失真，声音走音', '魔兽世界（游戏）']}, {'vt.': ['<俚>使惊叹，使佩服', '使热烈叫好']}]"
外语教学与研究出版社,一年级,上册,module,4,yellow,1,"[{'adj.': ['黄色的', '黄皮肤的', '黄种人的', '胆怯的']}, {'vt.& vi.': ['（使某物）变黄或发黄']}, {'n.': ['黄色', '黄种人', '黄色颜料']}]"
外语教学与研究出版社,一年级,上册,module,4,oh,1,"[{'int.': ['（表示恐惧、惊讶、疑虑等）噢', '啊', '哎呀', '冠于人名前，起呼语作用']}]"
外语教学与研究出版社,一年级,上册,module,4,colour,1,"[{'n.': ['颜色', '肤色', '彩色', '（用于服装、旗帜等代表团队、学校、政党或国家的）色彩']}, {'vt.': ['（用颜料、彩色笔等）为…着色', '粉饰', '歪曲', '使脸红']}, {'vi.': ['变色']}]"
外语教学与研究出版社,一年级,上册,module,4,green,1,"[{'adj.': ['绿色的', '未熟的，青春的', '未成熟的', '主张保护环境的']}, {'n.': ['绿色蔬菜', '绿色的衣服', '植物']}, {'vi.': ['绿化，使重视环境保护问题']}]"
外语教学与研究出版社,一年级,上册,module,4,now,1,"[{'adv.': ['现在', '其时', '立刻', '（改变话题或要对方做某事前，引起对方注意）喂']}, {'adj.': ['现在的', '当今的', '现任的']}, {'n.': ['现在', '目前', '目前']}, {'conj.': ['由于', '既然']}]"
外语教学与研究出版社,一年级,上册,module,4,black,1,"[{'adj.': ['黑（色）的', '黑色人种的', '黑暗的', '不加牛奶的']}, {'n.': ['黑色', '黑人', '黑颜料', '黑暗']}, {'v.': ['使变黑', '抵制', '拒绝', '使变黑暗']}]"
外语教学与研究出版社,一年级,上册,module,4,white,1,"[{'adj.': ['白色的，纯洁的', '无色的，透明的', '白衣的', '白种人的']}, {'n.': ['白色', '白种人', '空白', '白色颜料']}, {'vt.': ['（书写，印刷等）留出空白处', '使变白色，刷白', '漂白']}]"
外语教学与研究出版社,一年级,上册,module,4,dog,1,"[{'n.': ['狗', '蹩脚货', '丑女人', '卑鄙小人']}, {'v.': ['困扰', '跟踪']}]"
外语教学与研究出版社,一年级,上册,module,4,cat,1,"[{'n.': ['猫', '猫科动物', '狠毒的女人', '爵士乐爱好者']}, {'vt.': ['把（锚）吊放在锚架上', '〈俚〉寻欢，宿娼']}]"
外语教学与研究出版社,一年级,上册,module,4,and,1,"[{'conj.': ['和，与', '而且', '于是，然后', '因此']}]"
外语教学与研究出版社,一年级,上册,module,4,hey,1,"[{'int.': ['（用以引起注意，表示惊异或询问）嘿，喂', '你好！（表示问候）', '咳']}, {'n.': ['干草（等于hay）']}]"
外语教学与研究出版社,一年级,上册,module,4,look,1,"[{'vt.& vi.': ['看，瞧']}, {'vi.': ['注意', '面向', '寻找', '看起来好像']}, {'n.': ['看', '（尤指吸引人的）相貌', '眼神', '样子']}, {'int.': ['（插话或唤起注意）喂，听我说']}]"
外语教学与研究出版社,一年级,上册,module,4,orange,1,"[{'n.': ['桔子，橙子', '[植]桔树', '橙色', '桔色']}, {'adj.': ['橙色的', '橘色的', '桔红色的']}]"
外语教学与研究出版社,一年级,上册,module,5,this,1,"[{'pron.': ['这，这个', '这事，这人', '这时', '下面所说的事']}, {'adj.': ['这，这个', '刚过去的，即将到来的', '今…，本…']}, {'adv.': ['这样地', '就是这样', '这么地']}]"
外语教学与研究出版社,一年级,上册,module,5,our,1,"[{'pron.': ['我们的，we的所有格形式', '<口>我们家', '敝']}]"
外语教学与研究出版社,一年级,上册,module,5,teacher,1,"[{'n.': ['教师，教员，老师，先生', '[航]教练机']}]"
外语教学与研究出版社,一年级,上册,module,5,school,1,"[{'n.': ['学校', '上学', '学院', '群']}, {'vt.': ['训练，锻炼', '教育，教导', '约束', '给…上学']}]"
外语教学与研究出版社,一年级,上册,module,5,classroom,1,"[{'n.': ['教室，课堂', '教学活动，教学方法']}]"
外语教学与研究出版社,一年级,上册,module,5,child,1,"[{'n.': ['小孩，孩子', '幼稚的人', '产物', '弟子']}]"
外语教学与研究出版社,一年级,上册,module,5,that,1,"[{'det.': ['那个，那']}, {'pron.': ['那个，那']}, {'conj.': ['多么', '如此…以至', '用于某些动词、形容词和名词后，引出各种从句']}, {'adv.': ['不那么', '那样']}]"
外语教学与研究出版社,一年级,上册,module,5,bag,1,"[{'n.': ['袋，囊，枕套', '钱包，手提皮包，财富', '〈英俚〉大量，很多']}, {'vt.': ['把。。装入袋中，猎获', '捕获', '得分', '抢占']}, {'vi.': ['松散地垂挂', '鼓胀']}]"
外语教学与研究出版社,一年级,上册,module,6,schoolbag,1,[{'n.': ['书包']}]
外语教学与研究出版社,一年级,上册,module,6,book,1,"[{'n.': ['书', '卷', '课本', '账簿']}, {'vt.& vi.': ['预订']}, {'vt.': ['登记', '（向旅馆、饭店、戏院等）预约', '立案（控告某人）', '订立演出契约']}, {'adj.': ['书的', '账簿上的', '得之（或来自）书本的', '按照（或依据）书本的']}]"
外语教学与研究出版社,一年级,上册,module,6,pen,1,"[{'n.': ['笔，笔尖', '笔法，文笔', '作家', '围栏']}, {'vt.': ['写', '把…关入栏中', '关押，囚禁']}]"
外语教学与研究出版社,一年级,上册,module,6,pencil,1,"[{'n.': ['铅笔，彩色铅笔', '笔状物', '画风，画法', '[物]光线锥']}, {'vt.': ['用铅笔写', '用画笔画']}]"
外语教学与研究出版社,一年级,上册,module,6,ruler,1,"[{'n.': ['尺', '直尺', '统治者']}]"
外语教学与研究出版社,一年级,上册,module,6,eraser,1,[{'n.': ['<主美>橡皮擦，板擦']}]
外语教学与研究出版社,一年级,上册,module,6,crayon,1,"[{'n.': ['彩色蜡笔或粉笔']}, {'vt.& vi.': ['用彩色蜡笔[粉笔]画']}]"
外语教学与研究出版社,一年级,上册,module,7,new,1,"[{'adj.': ['新的，崭新的', '新鲜的，新到的', '现代的', '初次（听到）的']}, {'adv.': ['新近，最近']}]"
外语教学与研究出版社,一年级,上册,module,7,kite,1,"[{'n.': ['风筝', '鸢（猛禽）', '空头支票', '光棍']}, {'vt.': ['涂改（支票）', '使上涨', '上升']}, {'vi.': ['使用空头支票', '轻快地移动']}]"
外语教学与研究出版社,一年级,上册,module,7,or,1,"[{'conj.': ['或，或者', '还是', '不然，否则', '左右']}, {'prep.': ['<古、诗>在…之前，比…更早']}, {'n.': ['[纹章]黑金色、黑色']}]"
外语教学与研究出版社,一年级,上册,module,7,not,1,"[{'adv.': ['不', '[用以表示否定、否认、拒绝、禁止等]不是', '几乎不', '未必，没有[用于否定后面的词或短语]']}]"
外语教学与研究出版社,一年级,上册,module,7,monkey,1,"[{'n.': ['猴', '猿', '淘气鬼', '小淘气']}, {'vi.': ['胡闹', '捣蛋']}, {'vt.': ['嘲弄']}]"
外语教学与研究出版社,一年级,上册,module,7,monster,1,"[{'adj.': ['巨大的，庞大的', '（建筑物）巍峨的']}, {'n.': ['怪物', '恶魔，恶人', '庞然大物', '畸形，畸胎']}]"
外语教学与研究出版社,一年级,上册,module,7,help,1,"[{'vt.& vi.': ['帮助', '有助于， 有利于']}, {'vt.': ['治疗', '避免', '招待（客人）', '给…盛（饭、菜）']}, {'n.': ['帮助', '助手', '补救办法', '有用']}, {'vi.': ['（在餐桌旁）招待，侍应，作仆人（或店员、服务员等）']}, {'int.': ['[呼救语]救命！']}]"
外语教学与研究出版社,一年级,上册,module,7,house,1,"[{'n.': ['房屋', '全家人', '（从事某种生意的）公司', '（英国）下议院']}, {'v.': ['给…提供住房', '收藏', '安置']}]"
外语教学与研究出版社,一年级,上册,module,7,box,1,"[{'n.': ['盒', '箱状物', '包厢', '哨房']}, {'vt.': ['把…装入盒[箱，匣]中']}, {'vt.& vi.': ['拳击']}]"
外语教学与研究出版社,一年级,上册,module,8,one,1,"[{'num.': ['（数字）一', '一个', '（基数）一，第一']}, {'n.': ['一个人', '一点钟', '一体', '独一']}, {'pron.': ['一个人', '任何人', '本人，人家', '东西']}, {'adj.': ['某一个的', '一体的', '一方的']}]"
外语教学与研究出版社,一年级,上册,module,8,two,1,"[{'n.': ['两个', '两个东西', '两点钟', '一对']}, {'adj.': ['两个的', '我同']}, {'num.': ['两个', '第二', '二']}]"
外语教学与研究出版社,一年级,上册,module,8,three,1,"[{'num.': ['三', '三个', '第三（章，页等）']}, {'n.': ['三岁', '三个人[东西]', '三，三个']}, {'adj.': ['三的', '三个的']}]"
外语教学与研究出版社,一年级,上册,module,8,four,1,"[{'num.': ['四', '四个', '第四']}, {'n.': [' 四个人（或事物）的一组', '得四分的一击', '四人赛艇']}]"
外语教学与研究出版社,一年级,上册,module,8,count,1,"[{'n.': ['总数', '数数', '罪状', '论点']}, {'v.': ['数数', '计算总数', '把…算入', '重要']}]"
外语教学与研究出版社,一年级,上册,module,8,say,1,"[{'vi.': ['说， 讲', '表明，宣称', '假设', '约莫']}, {'vt.': ['表明', '念', '说明', '比方说']}, {'n.': ['发言权', '说话', '要说的话', '发言权']}]"
外语教学与研究出版社,一年级,上册,module,8,five,1,"[{'num.': ['五，五个', '与某人击掌问候（或庆祝胜利）', '第五']}, {'n.': ['五，五个', '5美元钞票', '[板]得五分']}, {'adj.': ['五的', '五个的']}]"
外语教学与研究出版社,一年级,上册,module,8,six,1,"[{'n.': ['六', '六个', '六岁', '六点']}, {'num.': ['六', '六个']}]"
外语教学与研究出版社,一年级,上册,module,8,seven,1,"[{'num.': ['七', '七个', '第七']}, {'n.': ['七', '七个']}]"
外语教学与研究出版社,一年级,上册,module,8,eight,1,"[{'num.': ['八', '八个', '第八']}, {'n.': ['八', '八人（或物）一组', '八人划船队']}, {'adj.': ['八个的']}]"
外语教学与研究出版社,一年级,上册,module,8,nine,1,"[{'num.': ['九', '九个', '第九']}, {'n.': ['九，九个']}, {'adj.': ['九的，九个的']}]"
外语教学与研究出版社,一年级,上册,module,8,ten,1,"[{'num.': ['十，十个', '第十']}, {'n.': ['十个人', '十点钟', '十岁', '十元纸币']}]"
外语教学与研究出版社,一年级,上册,module,8,pink,1,"[{'adj.': ['粉红色的', '淡红色的', '略带左翼政治观点的', '与同性恋者有关的']}, {'n.': ['粉红色', '典范', '香石竹', '顶点，极度']}, {'vt.': ['刺、扎', '打出小孔图案', '戳']}]"
外语教学与研究出版社,一年级,上册,module,8,ball,1,"[{'n.': ['球', '棒球（投手投出的）坏球', '拇指球', '舞会']}, {'vt.': ['做成球状，使成团块', '（指男性）和（女性）交媾（美式英语）']}, {'vi.': ['呈球形，成团块', '[美国俚语、口语]狂欢作乐，消遣', '尽情作乐，尽情地玩']}]"
外语教学与研究出版社,一年级,上册,module,8,so,1,"[{'adv.': ['这样', '很', '（表示程度）这么', '同样']}, {'conj.': ['（表示因果关系）因此', '（表示目的）为了', '（引出下文）', '（认为某事无关紧要，尤用于反驳他人的指责时）（口语）']}, {'pron.': ['如此', '这样', '大约', '左右']}, {'int.': ['[表示同意、赞成等] 好啦，就这样吧！停下！（停住）别动！', '[表示惊讶、冷淡等] 哦', '真的吗']}, {'adj.': ['真的', '事实如此的', '如此的', '整齐的']}]"
外语教学与研究出版社,一年级,上册,module,8,many,1,"[{'adj.': ['许多，多的']}, {'pron.': ['（与复数动词连用）大多数人']}]"
外语教学与研究出版社,一年级,上册,module,8,brown,1,"[{'adj.': ['棕色的', '褐色的', '被晒黑的', '未去壳的']}, {'n.': ['褐色', '棕色']}, {'v.': ['变成棕色', '成褐色', '晒黑', '烤得焦黄']}]"
外语教学与研究出版社,一年级,上册,module,9,are,1,"[{'vi.': ['（用于第二人称单复数现在时，第一、三人称复数现在时）是']}, {'n.': ['公亩（等于100平方米）']}]"
外语教学与研究出版社,一年级,上册,module,9,too,1,"[{'adv.': ['也', '太', '很', '非常']}]"
外语教学与研究出版社,一年级,上册,module,9,happy,1,"[{'adj.': ['幸福的', '快乐的', '巧妙的', '〈口〉有点醉意的']}]"
外语教学与研究出版社,一年级,上册,module,9,birthday,1,"[{'n.': ['生日', '诞辰', '成立纪念日']}]"
外语教学与研究出版社,一年级,上册,module,9,but,1,"[{'conj.': ['但是', '而是', '除了', '只因为']}, {'prep.': ['除…以外']}, {'adv.': ['只', '不过', '只是', '另一方面']}, {'n.': ['借口', '推辞', '但是', '反对']}, {'pron.': ['[关系代词，意义相当于 who…not, which…not]']}, {'vt.': ['对…说“但是”']}]"
外语教学与研究出版社,一年级,上册,module,9,for,1,"[{'prep.': ['为，为了', '倾向于', '关于', '当作']}, {'conj.': ['因为，由于']}]"
外语教学与研究出版社,一年级,上册,module,10,father,1,"[{'n.': ['父亲', '祖先', '（尤指天主教和东正教的）神父', '天父']}, {'vt.': ['成为父亲', '创立（新思想）', '创造', '发明（新方法）']}]"
外语教学与研究出版社,一年级,上册,module,10,daddy,1,"[{'n.': ['爸爸', '爹', '甜心爸爸（在年轻女子身上乱花钱的阔老头）', '老色鬼']}]"
外语教学与研究出版社,一年级,上册,module,10,mother,1,"[{'n.': ['母亲，妈妈', '女修道院院长', '大娘']}, {'vt.': ['像母亲般地照顾', '养育', '溺爱']}]"
外语教学与研究出版社,一年级,上册,module,10,grandpa,1,[{'n.': ['<非正>爷爷，外公，老太爷']}]
外语教学与研究出版社,一年级,上册,module,10,grandma,1,"[{'n.': ['奶奶，外婆']}, {'na.': ['<口>奶奶，外婆']}]"
外语教学与研究出版社,一年级,上册,module,10,friend,1,"[{'n.': ['朋友，友人', '资助者', '助手', '近亲']}, {'v.': ['<诗>与…为友']}]"
外语教学与研究出版社,一年级,上册,module,10,his,1,"[{'pron.': ['(he的所有格)他的', '(he的物主代词)他的东西']}, {'det.': ['属于他的，用于名词前', '自己的', '指某人的', '上帝的']}]"
外语教学与研究出版社,一年级,上册,module,10,car,1,"[{'n.': ['汽车', '车厢', '轿车']}]"
外语教学与研究出版社,一年级,上册,module,10,sister,1,"[{'n.': ['姐妹', '（称志同道合者）姐妹', '修女', '护士']}, {'adj.': ['姐妹般的', '同类型的']}, {'v.': ['如姐妹般相待']}]"
外语教学与研究出版社,一年级,上册,module,10,brother,1,"[{'n.': ['兄弟', '同事，同胞', '同志']}, {'int.': ['（表示生气或吃惊）我的老兄！']}]"
外语教学与研究出版社,一年级,上册,module,10,her,1,"[{'pron.': ['(she的宾格)她', '(she的所有格)她的', '她，指某个国家，（一艘）船']}]"
外语教学与研究出版社,一年级,下册,module,1,he,1,"[{'pron.': ['他，它', '一个人']}, {'n.': ['雄性动物']}]"
外语教学与研究出版社,一年级,下册,module,1,doctor,1,"[{'n.': ['医生，大夫', '博士', '神学家', '医疗设备']}, {'vt.& vi.': ['医疗，行医']}, {'vt.': ['修理，装配', '假造', '搀杂', '修改，修饰']}]"
外语教学与研究出版社,一年级,下册,module,1,she,1,[{'pron.': ['她，它']}]
外语教学与研究出版社,一年级,下册,module,1,me,1,"[{'pron.': ['（人称代词I的宾格）我']}, {'n.': ['自我', '自我的一部分', '极端自私的人', '[音乐]固定唱法时的E音']}]"
外语教学与研究出版社,一年级,下册,module,1,nurse,1,"[{'n.': ['护士，看护', '奶妈，保姆，阿妈，保育员', '保护人，培养者，养成所，发祥地', '[植]保护树，[虫]保护虫，保育虫，[动]世代交替的无性期的个体']}, {'vt.& vi.': ['护理', '照料', '喂', '吃奶']}, {'vt.': ['培育', '怀抱', '搂抱', '调治']}]"
外语教学与研究出版社,一年级,下册,module,1,driver,1,"[{'n.': ['驾驶员，司机', '驱动器，驱动程序', '驱逐者，驱赶者', '（高尔夫球）球棒']}]"
外语教学与研究出版社,一年级,下册,module,1,policeman,1,"[{'n.': ['（男）警察，警员', '看守矿井的人', '[化] 淀帚']}]"
外语教学与研究出版社,一年级,下册,module,1,pupil,1,"[{'n.': ['学生', '[解]瞳孔', '未成年人', '[法]被监护人']}]"
外语教学与研究出版社,一年级,下册,module,2,where,1,"[{'adv.': ['哪里，在哪里', '到哪里', '某种情势或位置']}, {'conj.': ['在…的地方']}, {'n.': ['地方，场所']}, {'pron.': ['哪里']}]"
外语教学与研究出版社,一年级,下册,module,2,in,1,"[{'prep.': ['采用（某种方式）', '穿着，带着', '（表示位置）在…里面，（表示领域，范围）在…以内', '（表示品质、能力等）在…之中']}, {'adv.': ['在家', '进入，到达', '流行', '当选']}, {'adj.': ['在内的，朝内的', '在位的，执政的', '[口语]流行的，时髦的', '（车等）到站的']}, {'n.': ['执政党，掌权者', '知情者', '<美口>入口，门路', '<体>（板球或棒球）攻球的一方']}]"
外语教学与研究出版社,一年级,下册,module,2,on,1,"[{'prep.': ['（表示方向）向', '（表示对象）对', '（表示位置）在…上', '（表示时间）在…之时']}, {'adv.': ['（放，穿，连接）上', '向前，（继续）下去']}, {'adj.': ['活动着的情况，状态', '使用着的', '发生着的', '计划中的']}]"
外语教学与研究出版社,一年级,下册,module,2,hat,1,"[{'n.': ['帽子', '（帽子所表示的）职位，职务']}, {'vt.': ['给…戴上帽子，为…提供帽子']}, {'vi.': ['供应帽子', '制造帽子']}]"
外语教学与研究出版社,一年级,下册,module,2,under,1,"[{'prep.': ['在…下面，在表面之下', '在…的假定表面或掩饰下', '少于，小于', '在…情况下']}, {'adv.': ['在下面', '少于', '在水下', '在昏迷中']}, {'adj.': ['较低的，下面的']}]"
外语教学与研究出版社,一年级,下册,module,2,toy,1,"[{'n.': ['玩具，玩物', '小装饰品', '无实用价值的东西']}, {'vi.': ['玩弄', '不认真地考虑']}, {'adj.': ['玩具的', '作玩具的', '个头很小的', '小体型品种的']}]"
外语教学与研究出版社,一年级,下册,module,2,bed,1,"[{'n.': ['床', '苗圃', '河床', '（地下由黏土、岩石等构成的）地层']}, {'vt.': ['把…固定在', '（某人）发生性关系', '给人铺床']}, {'vi.': ['上床', '分层']}]"
外语教学与研究出版社,一年级,下册,module,2,bear,1,"[{'n.': ['熊', '（在证券市场等）卖空的人', '蛮横的人']}, {'vt.': ['忍受', '承担', '支撑', '生育']}, {'vi.': ['生（孩子）', '结（果实）', '与…有关']}, {'adj.': ['跌价的', '股票行情下跌的', '卖空者的']}]"
外语教学与研究出版社,一年级,下册,module,3,eleven,1,"[{'num.': ['十一', '十一个', '第十一']}, {'n.': ['十一', '十一个']}, {'adj.': ['十一的', '十一个的']}]"
外语教学与研究出版社,一年级,下册,module,3,twelve,1,"[{'num.': ['十二', '十二个', '十二点钟', '十二岁']}, {'adj.': ['十二的', '十二个的']}, {'n.': ['十二；十二个']}]"
外语教学与研究出版社,一年级,下册,module,3,know,1,"[{'v.': ['知道', '了解', '认识', '确信']}, {'n.': ['知情']}]"
外语教学与研究出版社,一年级,下册,module,3,other,1,"[{'adj.': ['别的', '其他的', '（两个中的）另一个', '其余的']}, {'pron.': ['其他的', '（指两个人或事物中的第二个）那个', '（指一组中其余的人或事物）其余的', '（指与说话人所在位置等相反的方向或地点）另一边']}, {'n.': ['[the other]对立面；对立的事物']}]"
外语教学与研究出版社,一年级,下册,module,3,fish,1,"[{'n.': ['鱼，鱼肉，鱼类', '〈口〉（特殊的）人物，家伙，东西', '[建]接合板，夹片，鱼尾板', '[航]钓锚器，撑夹桅杆的加固夹箍']}, {'vt.& vi.': ['捕鱼', '钓鱼', '摸出', '掏出']}, {'vt.': ['钓鱼，捕鱼', '搜寻', '[航]加夹箍夹牢', '[工]用接合板连接[加固]']}, {'vi.': ['捕鱼，钓鱼', '用钩捞取']}]"
外语教学与研究出版社,一年级,下册,module,3,tree,1,"[{'n.': ['树', '木料', '树状图', '宗谱']}, {'vt.': ['把…赶上树', '使处于困境', '把鞋型插入（鞋内）']}]"
外语教学与研究出版社,一年级,下册,module,4,head,1,"[{'n.': ['上端', '头脑', '头部', '首脑，首长']}, {'vt.': ['用头顶', '前进', '作为…的首领', '站在…的前头']}, {'vi.': ['朝…行进', '出发', '向…方向移动', '船驶往']}, {'adj.': ['头的', '在前头的', '首要的', '在顶端的']}]"
外语教学与研究出版社,一年级,下册,module,4,touch,1,"[{'vt.': ['触摸', '使某物与…轻轻接触', '吃或喝，尝', '[数]与…相切']}, {'n.': ['触摸，碰', '触觉，触感', '修饰，润色', '痕迹']}, {'vi.': ['接触', '联系']}]"
外语教学与研究出版社,一年级,下册,module,4,nose,1,"[{'n.': ['鼻子', '嗅觉', '芳香，香气', '突出的部分']}, {'vt.': ['嗅出，闻出', '用鼻子触', '用鼻子品评（酒）等', '探出']}, {'vi.': ['小心探索着前进', '探问']}]"
外语教学与研究出版社,一年级,下册,module,4,face,1,"[{'n.': ['面容', '表面', '脸', '方面']}, {'vt.& vi.': ['面对', '面向…', '正视', '承认']}, {'vt.': ['（感到不能）对付', '（明知不好办而）交谈', '必须对付（某情况）', '面临…']}]"
外语教学与研究出版社,一年级,下册,module,4,ear,1,"[{'n.': ['耳朵', '听觉，听力', '耳状物', '穗']}, {'vi.': ['抽穗', '（美俚）听见']}]"
外语教学与研究出版社,一年级,下册,module,4,mouth,1,"[{'n.': ['口', '出入口', '传闻']}, {'vt.': ['装腔作势地说', '喃喃地说，心不在焉地说，言不由衷地说']}, {'vi.': ['装腔作势说话']}]"
外语教学与研究出版社,一年级,下册,module,4,eye,1,"[{'n.': ['眼睛', '视力', '眼状物', '风纪扣扣眼']}, {'vt.': ['定睛地看', '注视', '审视', '细看']}]"
外语教学与研究出版社,一年级,下册,module,4,body,1,"[{'n.': ['身体', '尸体', '团体', '物体']}, {'vt.': ['赋予形体']}]"
外语教学与研究出版社,一年级,下册,module,4,these,1,"[{'adj.': ['这些的']}, {'pron.': ['这些']}]"
外语教学与研究出版社,一年级,下册,module,4,leg,1,"[{'n.': ['腿', '支柱，支架', '裤腿', '一段赛程']}, {'vi.': ['<口>走，跑']}]"
外语教学与研究出版社,一年级,下册,module,4,hand,1,"[{'n.': ['手', '协助，帮助', '（工具等的）把，柄', '掌管']}, {'vt.': ['传递，交给', '搀扶', '支持']}]"
外语教学与研究出版社,一年级,下册,module,4,feet,1,"[{'n.': ['脚( foot的名词复数 )', '底部', '英尺(=12 英寸或 30.48 厘米)', '脚步']}]"
外语教学与研究出版社,一年级,下册,module,4,baby,1,"[{'n.': ['婴儿', '婴孩', '幼崽', '宝贝儿']}, {'vt.': ['把…当作婴孩看待，娇养', '纵容']}, {'adj.': ['小孩似的', '孩子的', '小型的']}]"
外语教学与研究出版社,一年级,下册,module,5,they,1,"[{'pron.': ['他/她/它们', '人们，大家', '政府，当局', '她们']}]"
外语教学与研究出版社,一年级,下册,module,5,cow,1,"[{'n.': ['奶牛，乳牛', '母兽', '雌（象，鲸等）', '<侮辱>对女性的蔑称']}, {'vt.': ['恐吓', '吓唬', '威胁']}]"
外语教学与研究出版社,一年级,下册,module,5,pig,1,"[{'n.': ['猪', '猪肉', '令人不快（或讨厌）的人', '金属块（锭）']}, {'vi.': ['生小猪', '像猪一样过活', '举止像猪', '贪吃']}, {'vt.': ['吃得过量，大吃特吃', '生小猪']}]"
外语教学与研究出版社,一年级,下册,module,5,farm,1,"[{'n.': ['农场，农庄', '农家', '畜牧场', '农田']}, {'vt.': ['耕种', '养殖', '承包，包出', '佃出（土地）']}, {'vi.': ['经营农场']}]"
外语教学与研究出版社,一年级,下册,module,5,duck,1,"[{'n.': ['鸭子，野鸭', '鸭肉', '（表示友好的称呼）乖乖', '（板球）零分']}, {'vt.& vi.': ['躲避，回避', '潜入', '忽然低下头（或弯下腰）', '迅速行进']}]"
外语教学与研究出版社,一年级,下册,module,5,chicken,1,"[{'n.': ['鸡', '鸡肉', '胆小鬼', '懦夫']}, {'adj.': ['胆怯的', '幼小的', '胆小的']}, {'vi.': ['以畏缩的方式去做，失去勇气', '在最后一刻因胆怯而退出了']}]"
外语教学与研究出版社,一年级,下册,module,5,egg,1,"[{'n.': ['鸡蛋，蛋', '卵', '<俚>家伙']}, {'vt.': ['煽动，怂恿', '用蛋烹调', '<俚>向人扔鸡蛋']}]"
外语教学与研究出版社,一年级,下册,module,5,thin,1,"[{'adj.': ['薄的', '瘦的', '稀少的', '细的']}, {'vt.': ['使瘦', '使淡', '使稀疏']}, {'vi.': ['变薄', '变瘦', '变淡']}, {'adv.': ['稀疏地，微弱地']}]"
外语教学与研究出版社,一年级,下册,module,5,very,1,"[{'adj.': ['很，非常', '恰好是，正是', '十足的', '特有的']}, {'adv.': ['很，非常', '充分，完全']}]"
外语教学与研究出版社,一年级,下册,module,5,fat,1,"[{'adj.': ['肥的', '胖的', '厚的', '大量的']}, {'n.': ['脂肪', '肥肉', '动植物油']}, {'vt.': ['养肥', '在…中加入脂肪']}, {'vi.': ['长肥']}]"
外语教学与研究出版社,一年级,下册,module,5,big,1,"[{'adj.': ['大的', '重要的', '（计划）庞大的', '大方的']}, {'adv.': ['大量地', '成功地', '夸大地', '宽宏大量地']}, {'n.': ['大亨', '大公司']}]"
外语教学与研究出版社,一年级,下册,module,5,little,1,"[{'adj.': ['小的', '琐碎的', '娇小的', '幼小的']}, {'adv.': ['不多，略微', '少许，一点', '短时间地']}, {'n.': ['（表示否定）微少', '没有多少', '短时间']}, {'det.': ['（数量上）微少的，少到几乎没有的', '（a little）少量的，一些']}]"
外语教学与研究出版社,一年级,下册,module,6,snake,1,"[{'n.': ['蛇', '奸险的人', '卑劣的人', '蛇形浮动汇率制']}, {'vt.': ['沿…曲折前进（或延伸）', '<美>/<口>拖，拉（木材等）']}, {'vi.': ['曲折前进（或延伸）', '蛇行，悄悄地爬行']}]"
外语教学与研究出版社,一年级,下册,module,6,short,1,"[{'adj.': ['短的，短暂的', '矮的', '短缺的', '短期的']}, {'adv.': ['突然', '唐突地', '简短地', '横贯地']}, {'n.': ['短裤', '短路', '缺乏']}, {'vt.': ['故意少给…的零头，骗取']}, {'vi.': ['短路']}]"
外语教学与研究出版社,一年级,下册,module,6,small,1,"[{'adj.': ['小的', '难为情的', '低级的，卑劣的', '细微的，微弱的']}, {'adv.': ['小小地', '卑鄙地']}, {'n.': ['细小部分，腰部', '琐碎东西', '身份低的人', '矮小的人']}]"
外语教学与研究出版社,一年级,下册,module,6,elephant,1,[{'n.': ['象，大象']}]
外语教学与研究出版社,一年级,下册,module,6,go,1,"[{'vi.': ['走', '离开', '去做', '进行']}, {'vt.': ['变得', '发出…声音', '成为', '处于…状态']}, {'n.': ['轮到的顺序', '精力', '干劲', '尝试']}]"
外语教学与研究出版社,一年级,下册,module,6,zoo,1,"[{'n.': ['动物园', '<美俚>（铁路货车的最后一节）守车', '<美俚>核粒子园']}]"
外语教学与研究出版社,一年级,下册,module,6,long,1,"[{'adj.': ['长的', '长时间的', '冗长的，过长的', '长音的']}, {'adv.': ['长久地', '始终', '遥远地']}, {'n.': ['长时间，长时期', '[语]长音节', '（服装的）长尺寸', '长裤']}, {'vi.': ['渴望，极想']}]"
外语教学与研究出版社,一年级,下册,module,6,giraffe,1,[{'n.': ['长颈鹿']}]
外语教学与研究出版社,一年级,下册,module,6,tall,1,"[{'adj.': ['身材高的，高大的', '（数量）大的', '（俚）过分的，夸张的']}, {'adv.': ['夸大地', '趾高气扬地']}]"
外语教学与研究出版社,一年级,下册,module,6,tiger,1,"[{'n.': ['老虎', '各种猫科动物', '凶恶的人，虎狼之徒']}]"
外语教学与研究出版社,一年级,下册,module,6,cute,1,"[{'adj.': ['漂亮的', '娇小可爱的', '机灵的，精明的', '矫揉造作的']}]"
外语教学与研究出版社,一年级,下册,module,6,strong,1,"[{'adj.': ['强的', '坚强的', '强烈的', '强壮的']}, {'adv.': ['强劲地', '猛烈地', '大大地', '坚强地']}]"
外语教学与研究出版社,一年级,下册,module,6,horse,1,"[{'n.': ['马', '骑马的军人，骑兵', '有脚的架', '跳马，鞍马']}, {'vt.': ['为…备马', '猛推或用力向上举']}, {'vi.': ['欲交配，，用于母马']}, {'adj.': ['马的', '骑在马背上的', '马拉的，使用马力的', '较大的，较粗硬的']}]"
外语教学与研究出版社,一年级,下册,module,7,animal,1,"[{'n.': ['动物，兽，牲畜', '<俚>家畜，牲口', '<俚>畜生（一般的人）', '兽性']}, {'adj.': ['动物的', '肉体的', '肉欲的']}]"
外语教学与研究出版社,一年级,下册,module,7,can,1,"[{'aux.': ['能', '能够', '可以', '可能']}, {'vt.': ['将…装入密封罐中保存']}, {'n.': ['罐头', '（用金属或塑料制作的）容器', '（马口铁或其他金属制作的）食品罐头']}]"
外语教学与研究出版社,一年级,下册,module,7,see,1,"[{'vt.& vi.': ['看见', '领会，理解', '查看', '参观']}, {'n.': ['主教教区', '主教权限', '牧座']}]"
外语教学与研究出版社,一年级,下册,module,7,help,1,"[{'vt.& vi.': ['帮助', '有助于， 有利于']}, {'vt.': ['治疗', '避免', '招待（客人）', '给…盛（饭、菜）']}, {'n.': ['帮助', '助手', '补救办法', '有用']}, {'vi.': ['（在餐桌旁）招待，侍应，作仆人（或店员、服务员等）']}, {'int.': ['[呼救语]救命！']}]"
外语教学与研究出版社,一年级,下册,module,7,table,1,"[{'n.': ['表，目录', '桌子', '手术台，工作台，游戏台', '平地层']}, {'vt.': ['制表', '搁置', '嵌合', '搁置']}, {'adj.': ['桌子的']}]"
外语教学与研究出版社,一年级,下册,module,7,we,1,"[{'pron.': ['我们，咱们', '笔者，本人', '朕', '人们']}]"
外语教学与研究出版社,一年级,下册,module,7,miaow,1,"[{'n.': ['猫的叫声']}, {'vi.': ['猫叫']}]"
外语教学与研究出版社,一年级,下册,module,7,some,1,"[{'adj.': ['一些', '某个', '大约', '相当多的']}, {'pron.': ['一些', '若干', '其中的一部分', '（数量不确切时用）有些人']}, {'adv.': ['非常', '相当', '<美>稍微']}]"
外语教学与研究出版社,一年级,下册,module,7,at,1,"[{'prep.': ['（表示位置）在', '在（某时间或时刻）', '以，达', ' 向，朝']}, {'n.': ['阿特（老挝辅币单位，100 阿特 = 1 基普）']}]"
外语教学与研究出版社,一年级,下册,module,8,shorts,1,"[{'n.': ['（从事运动或天气炎热时穿的）短裤', '<美>男人的短内裤', '电影短片', '短裤( short的名词复数 )', '短路', '缺乏']}]"
外语教学与研究出版社,一年级,下册,module,8,shirt,1,"[{'n.': ['衬衫，衬衣', '内衣，汗衫']}]"
外语教学与研究出版社,一年级,下册,module,8,shoe,1,"[{'n.': ['鞋', '蹄铁', '（汽车轮的）制动器，煞车', '外胎']}, {'vt.': ['为…钉蹄铁', '给…穿上鞋', '装防护物']}]"
外语教学与研究出版社,一年级,下册,module,8,swim,1,"[{'v.': ['游泳', '游动', '旋转', '眩晕']}, {'n.': ['游泳']}]"
外语教学与研究出版社,一年级,下册,module,8,sock,1,"[{'n.': ['短袜', '（尤指用拳头）猛击，重击']}, {'vt.': ['重击', '给…穿袜']}]"
外语教学与研究出版社,一年级,下册,module,8,clothes,1,"[{'n.': ['衣服，衣物', '寝具']}, {'v.': ['穿（衣）( clothe的第三人称单数)', '给…提供衣服', '（用语言）表达', '覆盖']}]"
外语教学与研究出版社,一年级,下册,module,8,here,1,"[{'adv.': ['在这里', '这时', '在这一点上', '（给某人东西或指出某物时说）']}, {'n.': ['这里']}, {'int.': ['喂', '嗨']}]"
外语教学与研究出版社,一年级,下册,module,8,football,1,"[{'n.': ['足球〔美国通常指橄榄球〕', '足球运动', '屡屡引起争论（或分歧）的问题', '被踢来踢去的难题']}]"
外语教学与研究出版社,一年级,下册,module,8,basketball,1,"[{'n.': ['篮球', '[体]篮球运动']}]"
外语教学与研究出版社,一年级,下册,module,9,like,1,"[{'vt.': ['喜欢', '（与 would 或 should 连用表示客气）想', '想要', '喜欢做']}, {'prep.': ['（表示属性）像', '（表示方式）如同', '（询问意见）…怎么样', '（表示列举）比如']}, {'adj.': ['相似的', '相同的']}, {'n.': ['相类似的人[事物]', '喜好', '爱好', '（尤指被视为没有某人或某物那么好的）种类，类型']}, {'conj.': ['像…一样', '如同', '好像', '仿佛']}, {'adv.': ['（非正式口语，代替 as）和…一样', '如', '（非正式口语，思考说下句话、解释或举例时用）大概', '可能']}]"
外语教学与研究出版社,一年级,下册,module,9,lion,1,"[{'n.': ['狮子', '名人', '[天文学、占星术]狮子（星）座', '勇士，名流']}]"
外语教学与研究出版社,一年级,下册,module,9,them,1,"[{'pron.': ['他们', '她们', '它们']}]"
外语教学与研究出版社,一年级,下册,module,9,all,1,"[{'adj.': ['全部的', '一切的', '各种的', '极度的，尽量的']}, {'pron.': ['全部', '一切', '每个人，每件东西', '全部情况']}, {'adv.': ['全部地', '完全地', '每个', '非常']}, {'n.': ['全体', '[常作A-]整体', '[常与my, your, his, her等连用]（某人）所有的一切']}]"
外语教学与研究出版社,一年级,下册,module,9,play,1,"[{'n.': ['比赛', '游戏', '戏剧', '赌博']}, {'vt.& vi.': ['玩', '演奏', '演出', '参加比赛']}, {'vt.': ['扮演', '担任，充当…的角色', '演出', '装扮']}, {'vi.': ['玩耍，游戏', '[游戏] 参加游戏', '赌博', '闹着玩']}]"
外语教学与研究出版社,一年级,下册,module,9,with,1,"[{'prep.': ['和，跟', '随着', '关于', '和…一致']}]"
外语教学与研究出版社,一年级,下册,module,9,together,1,"[{'adv.': ['同时', '在一起', '一致地', '不间断地']}, {'adj.': ['稳定可靠的', '做事有效率的']}]"
外语教学与研究出版社,一年级,下册,module,9,favourite,1,"[{'adj.': ['特别受喜爱的']}, {'n.': ['特别喜爱的人（或物）']}]"
外语教学与研究出版社,一年级,下册,module,9,sport,1,"[{'n.': ['运动', '乐趣', '老兄', '变种']}, {'v.': ['嬉戏', '得意地穿戴', '故意显示']}]"
外语教学与研究出版社,一年级,下册,module,9,guess,1,"[{'vt.': ['推测', '猜测，臆测', '猜中', '假定，认为']}, {'vi.': ['猜，猜测', '猜对']}, {'n.': ['猜测', '推断']}]"
外语教学与研究出版社,一年级,下册,module,9,meatball,1,[{'n.': ['肉丸']}]
外语教学与研究出版社,一年级,下册,module,9,swimming,1,"[{'n.': ['游泳', '眩晕']}, {'v.': ['游泳( swim的现在分词)', '漂浮', '浸，泡', '旋转']}]"
外语教学与研究出版社,一年级,下册,module,10,idea,1,"[{'n.': ['主意，想法', '[哲]理念，观念', '[乐]乐句', '模糊想法']}]"
外语教学与研究出版社,一年级,下册,module,10,hot,1,"[{'adj.': ['热的', '辣的', '激动的', '热门的']}, {'vt.': ['使兴奋，使激动']}, {'adv.': ['热的', '紧迫的']}, {'vi.': ['变热']}]"
外语教学与研究出版社,一年级,下册,module,10,sing,1,"[{'vt.& vi.': ['唱，歌唱，吟诵']}, {'vi.': ['（鸟）鸣', '嗡嗡叫', '呜呜作响', '发嗖嗖声']}, {'v.': ['耳鸣', '〈诗〉作诗', '歌颂，赞美，称赞', '唱着使…']}, {'n.': ['呜呜声，嗖嗖声', '〈美口〉歌唱会']}]"
外语教学与研究出版社,一年级,下册,module,10,dance,1,"[{'n.': ['跳舞', '舞会', '舞蹈艺术', '舞曲']}, {'vi.': ['跳舞', '手舞足蹈', '摇晃', '跳跃']}, {'vt.': ['使跳舞']}]"
外语教学与研究出版社,一年级,下册,module,10,tired,1,"[{'adj.': ['疲倦的', '困倦的', '对…不耐烦的', '陈旧的']}, {'v.': ['（使）疲劳（ tire的过去式和过去分词）', '对（做）某事感到厌倦']}]"
外语教学与研究出版社,二年级,上册,module,1,song,1,"[{'n.': ['歌曲', '歌唱（艺术）', '诗歌，韵文', '鸟叫声，鸟语']}]"
外语教学与研究出版社,二年级,上册,module,1,team,1,"[{'n.': ['队，组', '团队', '工作组', '（野鸭等）群，同胎仔']}, {'vi.': ['协同工作', '合作', '把（牛马等）联套在车上']}]"
外语教学与研究出版社,二年级,上册,module,2,meat,1,"[{'n.': ['肉', '食物', '实质']}, {'adj.': ['重要的', '基本的']}]"
外语教学与研究出版社,二年级,上册,module,2,noodles,1,[{'n.': ['（常复数）面条']}]
外语教学与研究出版社,二年级,上册,module,2,sweets,1,"[{'n.': ['糖果', '糖果( sweet的名词复数 )', '甜食', '甜味', '[用复数]快乐']}]"
外语教学与研究出版社,二年级,上册,module,2,rice,1,"[{'n.': ['稻', '稻米， 大米']}, {'vt.': ['筛选']}]"
外语教学与研究出版社,二年级,上册,module,2,children,1,"[{'n.': ['孩子们(child的复数)', '儿童', '膝下', '孥']}]"
外语教学与研究出版社,二年级,上册,module,2,ginger,1,"[{'n.': ['姜，生姜', '姜黄色', '精力，活力']}, {'adj.': ['姜黄色的']}, {'vt.': ['使有活力，使兴奋', '用姜给…调味']}]"
外语教学与研究出版社,二年级,上册,module,2,nice,1,"[{'adj.': ['美好的，愉快的', '正派的', '友好的，亲切的', '细致的']}]"
外语教学与研究出版社,二年级,上册,module,2,mm,1,"[{'abbr.': ['=megameter', '=millimeter', '=millimicron']}]"
外语教学与研究出版社,二年级,上册,module,2,onion,1,[{'n.': ['洋葱（头）']}]
外语教学与研究出版社,二年级,上册,module,3,banana,1,"[{'n.': ['香蕉', '芭蕉属植物', '喜剧演员']}]"
外语教学与研究出版社,二年级,上册,module,3,apple,1,"[{'n.': ['苹果', '苹果树', '苹果公司']}]"
外语教学与研究出版社,二年级,上册,module,3,orange,1,"[{'n.': ['桔子，橙子', '[植]桔树', '橙色', '桔色']}, {'adj.': ['橙色的', '橘色的', '桔红色的']}]"
外语教学与研究出版社,二年级,上册,module,3,fruit,1,"[{'n.': ['成果', '水果', '果实', '（大地的）产物']}, {'vi.': ['树或花草结果']}, {'vt.': ['使…结果实']}]"
外语教学与研究出版社,二年级,上册,module,3,milkshake,1,[{'n.': ['奶昔（将牛奶或冰淇淋，以及水果或巧克力味的香料混合或搅拌至起泡的饮料）']}]
外语教学与研究出版社,二年级,上册,module,3,everything,1,"[{'pron.': ['每件事物', '最重要的东西', '（有关的）一切', '万事']}]"
外语教学与研究出版社,二年级,上册,module,3,tomato,1,"[{'n.': ['番茄，西红柿', '[俚语] 美女']}]"
外语教学与研究出版社,二年级,上册,module,3,really,1,"[{'adv.': ['真，真正', '实在，果真', '实际上', '事实上']}]"
外语教学与研究出版社,二年级,上册,module,3,their,1,"[{'pron.': ['他（她，它）们的', '在提及性别不详的人时，用以代替 him 或 her']}]"
外语教学与研究出版社,二年级,上册,module,3,favourite,1,"[{'adj.': ['特别受喜爱的']}, {'n.': ['特别喜爱的人（或物）']}]"
外语教学与研究出版社,二年级,上册,module,4,T-shirt,1,"[{'n.': ['T恤，短袖汗衫', '样式类似T恤的外衣']}]"
外语教学与研究出版社,二年级,上册,module,4,hm,1,[{'abbr.': ['Heard & McDonald Is. 赫德与麦克唐纳群岛']}]
外语教学与研究出版社,二年级,上册,module,4,dress,1,"[{'n.': ['衣服', '装饰', '连衣裙', '礼服']}, {'vt.& vi.': ['给…穿衣', '穿着', '打扮']}, {'adj.': ['连衣裙的', '须穿礼服的', '适合于正式场合的', '办公时（或半正式场合）穿戴的']}, {'vt.': ['给…穿衣', '给…提供衣服', '装潢，装饰或装点', '排成列']}, {'vi.': ['穿衣', '排列整齐']}]"
外语教学与研究出版社,二年级,上册,module,4,too,1,"[{'adv.': ['也', '太', '很', '非常']}]"
外语教学与研究出版社,二年级,上册,module,4,one,1,"[{'num.': ['（数字）一', '一个', '（基数）一，第一']}, {'n.': ['一个人', '一点钟', '一体', '独一']}, {'pron.': ['一个人', '任何人', '本人，人家', '东西']}, {'adj.': ['某一个的', '一体的', '一方的']}]"
外语教学与研究出版社,二年级,上册,module,4,trousers,1,[{'n.': ['裤子']}]
外语教学与研究出版社,二年级,上册,module,4,party,1,"[{'n.': ['社交聚会', '党，党派', '当事人', '同类，伙伴']}, {'v.': ['为…举行社交聚会', '为…请客', '参加社交聚会']}, {'adj.': ['政党的，党派的', '社交的，聚会的', '共有的，共同的']}]"
外语教学与研究出版社,二年级,上册,module,5,poster,1,"[{'n.': ['海报，招贴，公告', '招贴画', '张贴者', '[古语]急行的人，匆忙赶路的人']}]"
外语教学与研究出版社,二年级,上册,module,5,have,1,"[{'aux.': ['用以构成完成式及完成式的不定式，表示已经…']}, {'vt.': ['有，具有', '拿，取得', '从事', '必须，不得不']}, {'n.': ['〈口〉有产者，有钱人', '富国', '〈英俚〉欺骗，诈骗']}]"
外语教学与研究出版社,二年级,上册,module,5,lunch,1,"[{'n.': ['午餐']}, {'vt.& vi.': ['吃午餐', '供给午餐']}]"
外语教学与研究出版社,二年级,上册,module,5,home,1,"[{'n.': ['家', '家庭', '家庭生活', '终点']}, {'adj.': ['家庭的', '家用的', '本地的', '本部的']}, {'adv.': ['在家', '在家乡', '深深地', '深入地']}, {'vi.': ['回家', '有家', '朝向', '自动导航']}, {'vt.': ['把…送回家', '送…回家', '给…提供住处', '使有安身之处']}]"
外语教学与研究出版社,二年级,上册,module,5,watch,1,"[{'vt.': ['注视，注意', '看守，监视', '守候（机会等）', '密切注意']}, {'n.': ['表', '值夜，值班', '看守，监视', '值班人员']}, {'vi.': ['观看', '注视', '守候', '看守']}]"
外语教学与研究出版社,二年级,上册,module,5,TV,1,"[{'abbr.': ['television 电视机', 'total volume 总量', 'test vehicle 实验用飞行器', 'terminal velocity 终端速度']}]"
外语教学与研究出版社,二年级,上册,module,6,on,1,"[{'prep.': ['（表示方向）向', '（表示对象）对', '（表示位置）在…上', '（表示时间）在…之时']}, {'adv.': ['（放，穿，连接）上', '向前，（继续）下去']}, {'adj.': ['活动着的情况，状态', '使用着的', '发生着的', '计划中的']}]"
外语教学与研究出版社,二年级,上册,module,6,Sunday,1,"[{'n.': ['星期日，星期天', '每逢星期日出版的报纸', '星期日报', '[人名] 森迪']}]"
外语教学与研究出版社,二年级,上册,module,6,park,1,"[{'n.': ['公园', '停车场']}, {'vi.': ['泊车，停车']}, {'vt.': ['将…放置在某处', '停车']}]"
外语教学与研究出版社,二年级,上册,module,6,great,1,"[{'adj.': ['伟大的，杰出的', '优异的，显著的', '很多的', '重大的']}, {'adv.': ['[口语]很好地', '令人满意地，成功地，顺利地', '得意地']}, {'n.': ['大人物们', '伟大人物', '重要人物，大师', '名家']}]"
外语教学与研究出版社,二年级,上册,module,6,goal,1,"[{'n.': ['目标，目的', '球门', '终点', '得分']}]"
外语教学与研究出版社,二年级,上册,module,6,hooray,1,[{'n.& int.': ['万岁']}]
外语教学与研究出版社,二年级,上册,module,6,live,1,"[{'v.': ['生存', '居住', '活着', '留存']}]"
外语教学与研究出版社,二年级,上册,module,6,moon,1,"[{'n.': ['月亮，月球', '卫星', '月状物，新月状物']}, {'vi.': ['闲逛', '出神', '[俚语] 露出屁股以戏弄']}, {'vt.': ['虚度']}]"
外语教学与研究出版社,二年级,上册,module,6,sky,1,"[{'n.': ['天（空）']}, {'vt.': ['将…击向空中', '将…高挂']}]"
外语教学与研究出版社,二年级,上册,module,6,city,1,"[{'n.': ['城市', '全市居民', '（由国王或女王授予特权，通常有大教堂的）特许市', '（由政府授予特权的）特权市']}]"
外语教学与研究出版社,二年级,上册,module,7,how,1,"[{'adv.': ['怎样', '健康状况如何', '到何种地步', '以任何方式']}, {'n.': ['方法', '方式']}]"
外语教学与研究出版社,二年级,上册,module,7,train,1,"[{'n.': ['火车', '行列', '一系列相关的事情', ' 拖裾']}, {'v.': ['训练', '教育', '培养', '修整']}]"
外语教学与研究出版社,二年级,上册,module,7,chug,1,"[{'vi.': ['发出（持续而单调的）短声，发出突突声', '（发动机等）咔嚓咔嚓地响', '（火车、汽船等）咔嚓咔嚓地前进']}, {'n.': ['（发动机缓慢运转时发出的）突突声']}]"
外语教学与研究出版社,二年级,上册,module,7,bus,1,"[{'n.': ['公共汽车，巴士，客机', '（口）汽车，机器脚踏车，飞机', '[计]（电脑的）总线', '[电]信息转移通路，悔流条，母线']}, {'vt.': ['用公共汽车运送']}, {'vi.': ['乘公共汽车', '打杂工']}]"
外语教学与研究出版社,二年级,上册,module,7,beep,1,"[{'n.': ['哔哔声']}, {'v.': ['嘟嘟响']}]"
外语教学与研究出版社,二年级,上册,module,7,by,1,"[{'prep.': ['在…旁边', '表示方式', '由于', '经过']}, {'adv.': ['经过', '表示保留或保存时用', '短暂拜访']}]"
外语教学与研究出版社,二年级,上册,module,7,walk,1,"[{'vt.& vi.': ['走', '步行', '散步']}, {'n.': ['步行', '步态', '人行道', '步行的路径']}, {'vi.': ['行走', '陪伴…走', '徒步旅行', '不翼而飞']}, {'vt.': ['牵着（动物）走，遛，赶着…走']}]"
外语教学与研究出版社,二年级,上册,module,7,goes,1,"[{'v.': ['进行（go的第三人称单数）', '去', '离开', '进展']}, {'n.': ['（牌戏、下棋等中）轮到的顺序（go的复数形式）']}]"
外语教学与研究出版社,二年级,上册,module,7,work,1,"[{'vt.& vi.': ['使工作', '使运作', '操作', '使产生效果']}, {'n.': ['工作，操作', '著作', '工厂', '行为，事业']}, {'vt.': ['使工作', '操作', '经营', '使缓慢前进']}]"
外语教学与研究出版社,二年级,上册,module,7,bike,1,"[{'n.': ['自行车', '摩托车', '电动自行车']}, {'vi.': ['骑自行车']}, {'na.': ['“motorbicycle”的变体']}]"
外语教学与研究出版社,二年级,上册,module,7,with,1,"[{'prep.': ['和，跟', '随着', '关于', '和…一致']}]"
外语教学与研究出版社,二年级,上册,module,7,run,1,"[{'vt.& vi.': ['跑', '移动', '（使）流动']}, {'n.': ['奔跑', '行程', '放映期', '一系列']}, {'vi.': ['（工作等）进行', '延续', '逃跑', '行驶']}, {'vt.': ['使奔跑', '使…快速移动', '运行，经营', '划']}, {'adj.': ['融化的', '浇铸的', '跑的筋疲力尽的']}]"
外语教学与研究出版社,二年级,上册,module,7,holiday,1,"[{'n.': ['假日，休息日', '节日']}, {'vi.': ['度假，休假']}]"
外语教学与研究出版社,二年级,上册,module,7,then,1,"[{'adv.': ['那时', '然后', '那么', '话说回来']}, {'adj.': ['当时的', '那时的']}]"
外语教学与研究出版社,二年级,上册,module,7,ship,1,"[{'n.': ['船', '<口>宇宙飞船', '（舰船上的）全体船员', '运气']}, {'vt.& vi.': ['运送']}, {'vt.': ['把…装上船', '装好（船具）', '上市', '使乘船']}, {'vi.': ['在船上工作', '乘船旅行', '当船员']}]"
外语教学与研究出版社,二年级,上册,module,7,plane,1,"[{'n.': ['水平', '平面', '飞机', '木工刨']}, {'adj.': ['平的，平坦的']}, {'vt.': ['用刨刨平', '小船等擦着水面疾驶']}, {'vi.': ['鸟滑翔']}]"
外语教学与研究出版社,二年级,上册,module,7,love,1,"[{'vt.& vi.': ['爱，热爱', '爱戴', '喜欢', '赞美，称赞']}, {'vt.': ['喜爱', '喜好', '喜欢', '爱慕']}, {'n.': ['爱情，爱意', '疼爱', '热爱', '爱人，所爱之物']}]"
外语教学与研究出版社,二年级,上册,module,8,watches,1,"[{'n.': ['表( watch的名词复数 )', '手表', '值夜班']}]"
外语教学与研究出版社,二年级,上册,module,8,weekend,1,"[{'n.': ['周末', '星期六和星期日（或略长一点的）休息时间']}, {'vi.': ['过周末，度周末']}, {'adj.': ['周末的']}]"
外语教学与研究出版社,二年级,上册,module,8,read,1,"[{'vt.& vi.': ['阅读，朗读', '显示', '研究', '看得懂']}, {'vt.': ['显示', '阅读', '读懂，理解']}, {'n.': ['阅读', '读物', '读书', '里德（人名）']}, {'adj.': ['被朗读的', '博识的', '博览的', '有学问的']}]"
外语教学与研究出版社,二年级,上册,module,8,come,1,"[{'vi.': ['来', '开始', '出现', '发生']}, {'vt.': ['做', '装扮…的样子', '将满（…岁）']}, {'int.': ['嗨！']}]"
外语教学与研究出版社,二年级,上册,module,8,play,1,"[{'n.': ['比赛', '游戏', '戏剧', '赌博']}, {'vt.& vi.': ['玩', '演奏', '演出', '参加比赛']}, {'vt.': ['扮演', '担任，充当…的角色', '演出', '装扮']}, {'vi.': ['玩耍，游戏', '[游戏] 参加游戏', '赌博', '闹着玩']}]"
外语教学与研究出版社,二年级,上册,module,8,piano,1,"[{'n.': ['钢琴', '<美俚>囚犯工作席', '轻奏乐段']}]"
外语教学与研究出版社,二年级,上册,module,8,music,1,"[{'n.': ['音乐', '乐曲', '乐谱', '乐队']}]"
外语教学与研究出版社,二年级,上册,module,8,listen,1,"[{'vi.': ['倾听', '留心听', '听信', '（让对方注意）听着']}, {'n.': ['听，倾听']}]"
外语教学与研究出版社,二年级,上册,module,8,CD,1,[{'n.': ['唱片']}]
外语教学与研究出版社,二年级,上册,module,8,drum,1,"[{'n.': ['鼓', '鼓状物', '鼓声', '石首鱼']}, {'vt.': ['击鼓', '连打', '反复讲', '鼓吹']}, {'vi.': ['击鼓', '连打', '拍翅']}]"
外语教学与研究出版社,二年级,上册,module,9,winter,1,"[{'n.': ['冬，冬天', '年岁', '萧条期，衰落期']}, {'v.': ['过冬', '冬季饲养（家畜）', '使受冻，使萎缩']}, {'adj.': ['冬天的，冬季的', '越冬的', '冬播的']}]"
外语教学与研究出版社,二年级,上册,module,9,fly,1,"[{'vi.': ['飞', '飞行', '（旗）飘荡', '过得快']}, {'vt.& vi.': ['乘（…的）飞机', '驾驶（飞机等）']}, {'vt.': ['驾驶', '空运', '使飞翔', '操作']}, {'n.': ['苍蝇', '（作钓饵的）苍蝇', '（裤子的）前裆开口', '门帘']}]"
外语教学与研究出版社,二年级,上册,module,9,in,1,"[{'prep.': ['采用（某种方式）', '穿着，带着', '（表示位置）在…里面，（表示领域，范围）在…以内', '（表示品质、能力等）在…之中']}, {'adv.': ['在家', '进入，到达', '流行', '当选']}, {'adj.': ['在内的，朝内的', '在位的，执政的', '[口语]流行的，时髦的', '（车等）到站的']}, {'n.': ['执政党，掌权者', '知情者', '<美口>入口，门路', '<体>（板球或棒球）攻球的一方']}]"
外语教学与研究出版社,二年级,上册,module,9,spring,1,"[{'n.': ['春季', '泉水，小溪', '弹簧，弹性', '跳跃']}, {'vi.': ['跳，跃', '突然发出或出现', '发源', '劈开，裂开']}, {'vt.': ['突然跳出', '跳过', '使开裂']}, {'adj.': ['春天的', '弹簧的，有弹性的']}]"
外语教学与研究出版社,二年级,上册,module,9,summer,1,"[{'n.': ['夏，夏天', '全盛时期，黄金时代，壮年时期', '[建]大梁，檀条，楣，柱顶石', '岁数']}, {'adj.': ['夏季的']}, {'v.': ['度过夏季，避暑', '使度过夏季，夏季放牧（家畜）']}]"
外语教学与研究出版社,二年级,上册,module,9,autumn,1,"[{'n.': ['秋', '秋天', '成熟期', '渐衰期']}, {'adj.': ['秋天的', '秋季的']}]"
外语教学与研究出版社,二年级,上册,module,9,skating,1,"[{'n.': ['溜冰', '如履薄冰', '身处险境', '冒着危险']}, {'v.': ['溜冰，滑冰( skate的现在分词 )']}]"
外语教学与研究出版社,二年级,上册,module,9,warm,1,"[{'adj.': ['暖和的，温暖的', '保暖的', '热情的', '暖调的']}, {'vt.& vi.': ['（使）变暖，被加热，暖和起来']}, {'vt.': ['加热', '使热情', '使兴奋']}, {'n.': ['暖和的地方']}, {'vi.': ['加温', '感兴趣', '变得友善或友好']}]"
外语教学与研究出版社,二年级,上册,module,9,jacket,1,"[{'n.': ['短上衣，夹克', '土豆皮', '书籍的护封', '文件套，公文夹']}, {'vt.': ['给…穿夹克', '给…装护套', '给…包上护封', '〈口〉打']}]"
外语教学与研究出版社,二年级,上册,module,9,sunglasses,1,"[{'n.': ['太阳镜', '黑眼镜', '墨镜']}]"
外语教学与研究出版社,二年级,上册,module,9,cool,1,"[{'adj.': ['冷静的', '凉爽的', '一流的', '孤傲冷漠的']}, {'vt.& vi.': ['（使）变凉', '（使）冷静，使冷却', '变凉，冷却', '平息']}, {'n.': ['凉气，凉快的地方', '凉爽，凉爽的空气']}]"
外语教学与研究出版社,二年级,上册,module,9,sweater,1,"[{'n.': ['毛衣，运动衫', '出汗（过多）的人，发汗剂', '榨取别人血汗的人（或工厂、公司等）']}, {'adj.': ['运动衫的', '运动衫式的']}]"
外语教学与研究出版社,二年级,上册,module,9,glove,1,"[{'n.': ['手套', '棒球手套', '拳击手套']}, {'vt.': ['给…戴手套', '用…的手套']}]"
外语教学与研究出版社,二年级,上册,module,9,cold,1,"[{'adj.': ['寒冷的', '冷淡的，无情的', '失去知觉的', '[艺]有冷感的，冷色的']}, {'n.': ['寒冷', '感冒，伤风']}, {'adv.': ['完全地']}]"
外语教学与研究出版社,二年级,上册,module,9,coat,1,"[{'n.': ['上衣，外套']}, {'vt.': ['给…穿上上衣[外套]', '盖上']}]"
外语教学与研究出版社,二年级,上册,module,9,hot,1,"[{'adj.': ['热的', '辣的', '激动的', '热门的']}, {'vt.': ['使兴奋，使激动']}, {'adv.': ['热的', '紧迫的']}, {'vi.': ['变热']}]"
外语教学与研究出版社,二年级,上册,module,10,year,1,"[{'n.': ['年', '年纪', '一年的期间', '某年级的学生']}]"
外语教学与研究出版社,二年级,上册,module,10,present,1,"[{'adj.': ['现在的', '目前的', '出席的', '[语法学]现在时的']}, {'n.': ['现在', '礼物', '瞄准']}]"
外语教学与研究出版社,二年级,上册,module,10,dumpling,1,"[{'n.': ['汤团，饺子', '水果布丁', '矮胖的人', '[用于爱称]宝贝']}]"
外语教学与研究出版社,二年级,上册,module,10,eat,1,"[{'vt.& vi.': ['吃，喝']}, {'vi.': ['（食物）吃起来感到', '咬', '（人）感到苦恼（或烦恼）', '侵蚀，腐蚀']}, {'vt.': ['（如酸）腐蚀', '吃完', '吃得使', '侵蚀成']}]"
外语教学与研究出版社,二年级,上册,module,10,Chinese,1,"[{'n.': ['中国人', '华人', '中文', '汉语']}, {'adj.': ['中国的', '中国人的', '中国话的', '中文的']}]"
外语教学与研究出版社,二年级,上册,module,10,hair,1,"[{'n.': ['头发，毛发', '（动、植物的）毛', '一丝丝，些微', '毛发织物']}]"
外语教学与研究出版社,二年级,上册,module,10,firecracker,1,[{'n.': ['爆竹，鞭炮']}]
外语教学与研究出版社,二年级,上册,module,10,have,1,"[{'aux.': ['用以构成完成式及完成式的不定式，表示已经…']}, {'vt.': ['有，具有', '拿，取得', '从事', '必须，不得不']}, {'n.': ['〈口〉有产者，有钱人', '富国', '〈英俚〉欺骗，诈骗']}]"
外语教学与研究出版社,二年级,上册,module,10,Christmas,1,[{'n.': ['圣诞节']}]
外语教学与研究出版社,二年级,上册,module,10,wish,1,"[{'v.': ['希望', '想要', '祝愿']}, {'n.': ['愿望', '希望', '希望的事 ', '祝福']}]"
外语教学与研究出版社,二年级,上册,module,10,dinner,1,"[{'n.': ['正餐，主餐', '宴会', '晚餐']}]"
外语教学与研究出版社,二年级,下册,module,1,weather,1,"[{'n.': ['天气， 气象', '暴风雨']}, {'vt.& vi.': ['晒干， 风化']}, {'vt.': ['平安渡过， 挨过', '[地]使风化']}]"
外语教学与研究出版社,二年级,下册,module,1,like,1,"[{'vt.': ['喜欢', '（与 would 或 should 连用表示客气）想', '想要', '喜欢做']}, {'prep.': ['（表示属性）像', '（表示方式）如同', '（询问意见）…怎么样', '（表示列举）比如']}, {'adj.': ['相似的', '相同的']}, {'n.': ['相类似的人[事物]', '喜好', '爱好', '（尤指被视为没有某人或某物那么好的）种类，类型']}, {'conj.': ['像…一样', '如同', '好像', '仿佛']}, {'adv.': ['（非正式口语，代替 as）和…一样', '如', '（非正式口语，思考说下句话、解释或举例时用）大概', '可能']}]"
外语教学与研究出版社,二年级,下册,module,1,sunny,1,"[{'adj.': ['和煦的：照到阳光的', '快活的，性情开朗亲切的']}]"
外语教学与研究出版社,二年级,下册,module,1,windy,1,"[{'adj.': ['有风的', '腹胀的', '吹牛的', '空谈的']}]"
外语教学与研究出版社,二年级,下册,module,1,take,1,"[{'vt.': ['拿，取', '采取', '接受（礼物等）', '耗费（时间等）']}, {'vi.': ['拿', '获得']}, {'n.': ['镜头', '看法', '收入额', '场景']}]"
外语教学与研究出版社,二年级,下册,module,1,cap,1,"[{'n.': ['盖', '帽子', '军帽', '求交运算']}, {'vi.': ['脱帽致意']}, {'vt.': ['覆盖', '给…戴帽']}, {'abbr.': ['Common Agricultural Policy （欧共体）共同农业政策']}]"
外语教学与研究出版社,二年级,下册,module,1,sofa,1,[{'n.': ['沙发']}]
外语教学与研究出版社,二年级,下册,module,1,street,1,[{'n.': ['大街，街道']}]
外语教学与研究出版社,二年级,下册,module,1,rain,1,"[{'n.': ['雨', '（热带地区的）雨季，雨天', '雨点般降落的东西', '<俚>电子流']}, {'vt.& vi.': ['（雨）降下，（使）降落', '大量地给，（使）大量落下']}]"
外语教学与研究出版社,二年级,下册,module,1,snow,1,"[{'n.': ['雪，雪花', '积雪', '雪季']}, {'vt.': ['使纷纷落下', '使变白', '下雪', '被雪覆盖，被雪阻挡']}, {'vi.': ['降雪']}]"
外语教学与研究出版社,二年级,下册,module,1,ski,1,"[{'n.': ['滑雪', '滑雪板', '滑水橇', '滑行装置']}, {'v.': ['滑雪，滑冰']}]"
外语教学与研究出版社,二年级,下册,module,2,radio,1,"[{'n.': ['无线电', '收音机', '无线电广播台', '无线电收发报机']}, {'vt.& vi.': ['用无线电发送讯息', '作无线电广播', '用X射线拍照']}]"
外语教学与研究出版社,二年级,下册,module,2,photo,1,"[{'n.': ['照片，相片']}, {'vt.& vi.': ['（给…）拍照']}]"
外语教学与研究出版社,二年级,下册,module,2,newspaper,1,"[{'n.': ['报纸，报', '旧报纸', '新闻纸']}]"
外语教学与研究出版社,二年级,下册,module,2,little,1,"[{'adj.': ['小的', '琐碎的', '娇小的', '幼小的']}, {'adv.': ['不多，略微', '少许，一点', '短时间地']}, {'n.': ['（表示否定）微少', '没有多少', '短时间']}, {'det.': ['（数量上）微少的，少到几乎没有的', '（a little）少量的，一些']}]"
外语教学与研究出版社,二年级,下册,module,2,camera,1,"[{'n.': ['照相机', '摄影机']}]"
外语教学与研究出版社,二年级,下册,module,2,smile,1,"[{'n.': ['微笑，笑容']}, {'vt.': ['以微笑表示', '以微笑完成']}, {'vi.': ['微笑', '赞许', '不在乎']}]"
外语教学与研究出版社,二年级,下册,module,2,draw,1,"[{'vt.& vi.': ['绘画', '拖，拉', '招致', '吸引']}, {'vt.': ['画', '拉', '吸引']}, {'vi.': ['移动', '拔出剑', '皱缩', '汲取']}, {'n.': ['平局', '抽奖']}]"
外语教学与研究出版社,二年级,下册,module,2,picture,1,"[{'n.': ['照片，画像', '图画，图片', '影片', '情景']}, {'vt.': ['构想，想象', '描绘，画', '描述']}]"
外语教学与研究出版社,二年级,下册,module,2,write,1,"[{'vt.& vi.': ['写', '写信', '写作', '作曲']}]"
外语教学与研究出版社,二年级,下册,module,2,letter,1,"[{'n.': ['信', '证书，许可证', '字母，文字', '字面意义']}, {'vt.': ['用字母标明', '写字母于', '加标题']}, {'vi.': ['写印刷体字母']}]"
外语教学与研究出版社,二年级,下册,module,2,colour,1,"[{'n.': ['颜色', '肤色', '彩色', '（用于服装、旗帜等代表团队、学校、政党或国家的）色彩']}, {'vt.': ['（用颜料、彩色笔等）为…着色', '粉饰', '歪曲', '使脸红']}, {'vi.': ['变色']}]"
外语教学与研究出版社,二年级,下册,module,3,tidy,1,"[{'adj.': ['整洁的，整齐的', '（数量）相当大的', '相当好的', '健康的']}, {'n.': ['盛零碎物品的容器', '椅子的背罩']}, {'vt.& vi.': ['使整洁', '弄整齐', '使有条理', '整理，收拾']}]"
外语教学与研究出版社,二年级,下册,module,3,room,1,"[{'n.': ['房间', '空间', '余地', '房间里所有的人']}, {'vt.': ['租房，合住', '为…提供住处', '投宿，住宿', '留…住宿']}]"
外语教学与研究出版社,二年级,下册,module,3,do,1,"[{'aux.': ['构成疑问句和否定句', '代替动词', '用于加强语气']}, {'vt.': ['做', '干', '进行', '从事']}, {'vi.': ['表现', '进展', '引起', '行过']}, {'n.': ['社交聚会', '社交活动', '宴会']}]"
外语教学与研究出版社,二年级,下册,module,3,homework,1,"[{'n.': ['家庭作业', '功课']}]"
外语教学与研究出版社,二年级,下册,module,3,sleep,1,"[{'vi.& link-v.': ['睡，睡觉']}, {'vi.': ['睡，睡觉', '睡眠状态']}, {'vt.': ['为…提供床位', '提供住宿', '以睡觉打发日子']}, {'n.': ['睡眠']}]"
外语教学与研究出版社,二年级,下册,module,3,secret,1,"[{'n.': ['秘密，机密', '秘诀', '奥秘']}, {'adj.': ['秘密的，机密的', '神秘的', '隐秘的']}]"
外语教学与研究出版社,二年级,下册,module,3,card,1,"[{'n.': ['卡片', '纸牌', '明信片', '信用卡']}, {'vt.': ['记于卡片上']}]"
外语教学与研究出版社,二年级,下册,module,3,flower,1,"[{'n.': ['花', '精华', '开花植物']}, {'vi.': ['开花', '繁荣', '成熟']}, {'vt.': ['使开花', '用花装饰']}]"
外语教学与研究出版社,二年级,下册,module,3,science,1,"[{'n.': ['科学', '技术，知识', '学科', '理科']}]"
外语教学与研究出版社,二年级,下册,module,3,today,1,"[{'adv.': ['（在）今天', '现在', '现今', '现代，当代']}, {'n.': ['今天，今日', '现代，当代', '现今']}]"
外语教学与研究出版社,二年级,下册,module,4,call,1,"[{'v.': ['呼唤，喊叫', '召唤，叫来，召集', '下令，命令', '打电话给']}, {'n.': ['喊叫，大声喊', '电话联络', '必要，理由', '要求']}]"
外语教学与研究出版社,二年级,下册,module,4,noise,1,"[{'n.': ['噪音', '嘈杂声，喧闹声', '声音，声响', '杂音']}, {'vt.': ['谣传', '哄传', '传说']}, {'vi.': ['发出声音', '大声议论']}]"
外语教学与研究出版社,二年级,下册,module,4,drink,1,"[{'vt.& vi.': ['喝（酒）', '饮', '喝酒', '（尤指）酗酒']}, {'vt.': ['吸收，吸入']}, {'n.': ['酒，饮料', '酒宴', '一杯或一份酒']}]"
外语教学与研究出版社,二年级,下册,module,4,talk,1,"[{'v.': ['说话', '讨论', '讲，说', '说闲话']}, {'n.': ['交谈', '讨论', '报告', '空话']}]"
外语教学与研究出版社,二年级,下册,module,4,store,1,"[{'n.': ['商店', '贮存物', '仓库', '大量']}, {'v.': ['贮存', '（在计算机里）存储']}]"
外语教学与研究出版社,二年级,下册,module,4,behind,1,"[{'prep.': ['（表示位置）在…的后面', '支持', '（表示顺序）在身后', '（表示比较）落后于']}, {'adv.': ['在后面', '向后', '在后面较远处', '（落）在后面']}, {'n.': ['〈口〉屁股']}]"
外语教学与研究出版社,二年级,下册,module,4,hide,1,"[{'vt.': ['隐藏', '躲避，隐匿，躲藏', '遮蔽，覆盖']}, {'vi.': ['隐瞒', '遮住', '遮挡', '掩盖']}, {'n.': ['兽皮', '<口>生命', '<口>人的皮肤', '（观看野生动物的）隐蔽处']}]"
外语教学与研究出版社,二年级,下册,module,4,seek,1,"[{'vt.': ['寻找，探寻', '追求，谋求', '往或朝…而去', '[废语]考察']}, {'vi.': ['查找，查寻', '找一找']}]"
外语教学与研究出版社,二年级,下册,module,5,skip,1,"[{'vi.': ['跳', '跳绳', '悄悄溜走', '快速转移']}, {'vt.': ['略过', '跳过', '漏过', '不做（应做的事等）']}, {'n.': ['跳，蹦跳', '废料桶（装工地废料，由卡车拖走）', '跳跃']}]"
外语教学与研究出版社,二年级,下册,module,5,late,1,"[{'adj.': ['晚的，迟到的', '时间不早的', '已故的', '原来的，之前的', '临近终了的']}, {'adv.': ['晚，迟', '后期地', '最近地']}]"
外语教学与研究出版社,二年级,下册,module,5,sad,1,"[{'adj.': ['悲哀的', '糟糕的', '可悲的', '令人遗憾的']}]"
外语教学与研究出版社,二年级,下册,module,5,no,1,"[{'adv.': ['不', '否', '一点也没有']}, {'adj.': ['没有的', '不许的', '一点儿也没有', '决不是的']}, {'n.': ['不', '否定，否认', '反对票', '否决票']}, {'abbr.': ['数字(number)', '元素锘(nobelium)的符号']}]"
外语教学与研究出版社,二年级,下册,module,5,those,1,"[{'adj.& pron.': ['that的复数']}, {'adj.': ['那些的，那']}, {'n.': ['那，那个( that的名词复数)', '（指较远的人或事物）那', '（指已提到过或已知的人或事物）那', '（特指）那']}]"
外语教学与研究出版社,二年级,下册,module,5,clap,1,"[{'vt.& vi.': ['拍手，鼓掌', '轻轻拍打某人', '急速放置', '振翼，拍翅膀']}, {'n.': ['鼓掌，拍手', '拍手声', '噼拍声', '破裂声']}, {'vi.': ['鼓掌，拍手', '啪地关上']}]"
外语教学与研究出版社,二年级,下册,module,5,game,1,"[{'n.': ['游戏，运动', '比赛，竞赛', '诡计', '猎物']}, {'adj.': ['受伤的，瘸的', '对…有兴趣的', '雄赳赳的', '关于野味的']}, {'v.': ['打赌，赌输赢', '赌输']}]"
外语教学与研究出版社,二年级,下册,module,5,well,1,"[{'adv.': ['好', '很', '好意地', '高高兴兴地']}, {'adj.': ['健康的', '井的', '良好的', '恰当的']}, {'int.': ['（用于表示惊讶，疑虑，接受等）']}, {'n.': ['泉', '源泉', '水井']}, {'vi.': ['（液体）涌出', '流出', '涌流', '涌上']}, {'vt.': ['涌出，喷出']}]"
外语教学与研究出版社,二年级,下册,module,5,kid,1,"[{'n.': ['<口>小孩', '小山羊，小山羊皮制品']}, {'vt.& vi.': ['欺骗，戏弄，取笑']}, {'adj.': ['较年幼的', '小山羊皮制的']}]"
外语教学与研究出版社,二年级,下册,module,5,catch,1,"[{'vt.': ['赶上', '接住', '引起', '看见']}, {'vt.& vi.': ['（使）被钩住，（使）被卡住']}, {'n.': ['抓', '隐情', '捕获量', '挂钩']}, {'vi.': ['锁住', '着火', '[棒球]当接球手']}, {'adj.': ['迷惑人的', '令人容易上当的', '引人注目的', '令人感兴趣的']}]"
外语教学与研究出版社,二年级,下册,module,6,usually,1,"[{'adv.': ['通常，经常，平常，惯常地', '一直，向来', '动不动，一般', '素']}]"
外语教学与研究出版社,二年级,下册,module,6,us,1,[{'pron.': ['我们']}]
外语教学与研究出版社,二年级,下册,module,6,ride,1,"[{'vt.& vi.': ['乘，骑，驾']}, {'n.': ['（乘坐汽车等的）旅行', '乘骑', '（乘车或骑车的）短途旅程', '供乘骑的游乐设施']}, {'vt.': ['（骑马、自行车等）穿越', '搭乘', '飘浮']}]"
外语教学与研究出版社,二年级,下册,module,6,thing,1,"[{'n.': ['事件，形势', '东西，事物', '家伙', '事业']}]"
外语教学与研究出版社,二年级,下册,module,6,ill,1,"[{'adj.': ['不好的', '恶意的', '有病的', '不吉利的']}, {'adv.': ['坏', '不利地', '令人不满地']}, {'n.': ['伤害', '困难', '问题', '弊端']}]"
外语教学与研究出版社,二年级,下册,module,6,cook,1,"[{'vt.& vi.': ['烹调', '编造', '篡改', '密谋']}, {'vt.': ['烹调', '煮']}, {'vi.': ['烹调', '做菜']}, {'n.': ['厨师', '厨子']}]"
外语教学与研究出版社,二年级,下册,module,6,her,1,"[{'pron.': ['(she的宾格)她', '(she的所有格)她的', '她，指某个国家，（一艘）船']}]"
外语教学与研究出版社,二年级,下册,module,6,kitchen,1,"[{'n.': ['厨房', '厨师']}]"
外语教学与研究出版社,二年级,下册,module,7,TV,1,"[{'abbr.': ['television 电视机', 'total volume 总量', 'test vehicle 实验用飞行器', 'terminal velocity 终端速度']}]"
外语教学与研究出版社,二年级,下册,module,7,play,1,"[{'n.': ['比赛', '游戏', '戏剧', '赌博']}, {'vt.& vi.': ['玩', '演奏', '演出', '参加比赛']}, {'vt.': ['扮演', '担任，充当…的角色', '演出', '装扮']}, {'vi.': ['玩耍，游戏', '[游戏] 参加游戏', '赌博', '闹着玩']}]"
外语教学与研究出版社,二年级,下册,module,7,say,1,"[{'vi.': ['说， 讲', '表明，宣称', '假设', '约莫']}, {'vt.': ['表明', '念', '说明', '比方说']}, {'n.': ['发言权', '说话', '要说的话', '发言权']}]"
外语教学与研究出版社,二年级,下册,module,7,poem,1,"[{'n.': ['诗', '韵文', '诗一样的作品', '富有诗意的东西']}]"
外语教学与研究出版社,二年级,下册,module,7,dragon,1,"[{'n.': ['龙，龙船', '[D-][天文学]天龙（星座）', '[口语、贬义]脾气暴躁的人']}]"
外语教学与研究出版社,二年级,下册,module,7,picnic,1,"[{'n.': ['野餐郊游', '供野餐吃的食品', '猪的肩肉', '轻松的工作']}, {'vi.': ['去野餐，参加野餐', '野餐式地用餐', '在户外用餐']}, {'vt.': ['用野餐招待']}]"
外语教学与研究出版社,二年级,下册,module,7,family,1,"[{'n.': ['家庭', '家族', '孩子', '祖先']}, {'adj.': ['家庭的', '一家所有的', '属于家庭的', '适合全家人的']}]"
外语教学与研究出版社,二年级,下册,module,7,beach,1,"[{'n.': ['海滩，海滨', '岸上的沙子和卵石']}, {'vt.': ['将…拖上岸', '将滑艇拖到小屋前面的岸边']}]"
外语教学与研究出版社,二年级,下册,module,8,hill,1,"[{'n.': ['小山，山冈', '斜坡']}, {'v.': ['把…堆成小山', '培土于…周围']}]"
外语教学与研究出版社,二年级,下册,module,8,past,1,"[{'adj.': ['过去的，以前的', '结束的', '前任的']}, {'n.': ['过去，过往', '往事', '[语]过去时']}, {'prep.': ['超过，超出', '远于', '越过']}, {'adv.': ['经过，超过']}]"
外语教学与研究出版社,二年级,下册,module,8,station,1,"[{'n.': ['车站', '所，局', '身份', '电视台']}, {'vt.': ['配置，安置', '驻扎']}]"
外语教学与研究出版社,二年级,下册,module,8,hospital,1,"[{'n.': ['医院', '收容所', '养老院', '〈古〉旅客招待所']}]"
外语教学与研究出版社,二年级,下册,module,8,stop,1,"[{'vi.': ['停止', '中断', '逗留', '（使）停止工作']}, {'vt.': ['塞住', '堵塞', '阻挠', '止付']}, {'n.': ['停止', '（管风琴的）音栓', '停车站', '（管风琴的）音管']}]"
外语教学与研究出版社,二年级,下册,module,8,turn,1,"[{'v.': ['使转动', '旋转', '转身', '翻转']}, {'n.': ['转动', '转向', '转弯处', '转变']}]"
外语教学与研究出版社,二年级,下册,module,8,around,1,"[{'adv.': ['大约', '旋转', '到处，四处', '在周围']}, {'prep.': ['围绕', '在附近', '前后，左右', '在…周围']}]"
外语教学与研究出版社,二年级,下册,module,8,ground,1,"[{'n.': ['地面，土地', '基础', '范围', '阵地，战场']}, {'vi.': ['搁浅，停飞', '着陆']}, {'vt.': ['把…放在地上', '在…的基础树立上', '交给…基本知识', '使…受初步训练']}, {'v.': ['grind的过去式和过去分词']}]"
外语教学与研究出版社,二年级,下册,module,8,again,1,"[{'adv.': ['再一次', '再说', '此外', '不过']}]"
外语教学与研究出版社,二年级,下册,module,8,jump,1,"[{'vt.': ['跳', '跳过', '快速移动', '（因吃惊、害怕或激动而）猛地一动']}, {'vi.': ['暴涨', '跳跃', '猛增']}, {'n.': ['猛长，暴涨', '（需要跳越的）障碍', '跳伞']}]"
外语教学与研究出版社,二年级,下册,module,8,back,1,"[{'n.': ['背，背部', '背面，反面', '后面，后部', '（椅子等的）靠背']}, {'vt.': ['使后退', '支持', '加背书于', '下赌注于']}, {'vi.': ['后退', '倒退']}, {'adj.': ['背部的', '后面的', '以前的', '拖欠的']}, {'adv.': ['以前', '向后地']}]"
外语教学与研究出版社,二年级,下册,module,9,left,1,"[{'adj.': ['左边的，左侧的', '左派的']}, {'n.': ['左，左面', '[军]左翼', '左派，激进分子']}, {'adv.': ['向左', '在左边']}, {'v.': ['离开( leave的过去式和过去分词)']}]"
外语教学与研究出版社,二年级,下册,module,9,right,1,"[{'adv.': ['立刻，马上', '向右，右边', '恰当地', '一直']}, {'adj.': ['右方的', '正确的', '合适的', '好的，正常的']}, {'n.': ['正确，正当', '右边', '权利', '右手']}, {'vt.': ['纠正', '扶直，使正', '整理', '补偿']}, {'vi.': ['（船舶等）复正，恢复平稳']}]"
外语教学与研究出版社,二年级,下册,module,9,road,1,"[{'n.': ['路', '通路', '途径', '方法']}, {'vt.': ['在…设置路障', '（狗）沿臭迹追逐（猎物）', '（狗）闻着臭迹追']}]"
外语教学与研究出版社,二年级,下册,module,9,straight,1,"[{'adj.': ['直的', '连续的', '直率的', '整齐的']}, {'adv.': ['直地', '直接地', '坦率地', '立即']}, {'n.': ['直线', '直线部分']}]"
外语教学与研究出版社,二年级,下册,module,9,lost,1,"[{'adj.': ['失去的', '迷路的', '不知所措的']}, {'v.': ['遗失，失去（ lose的过去式和过去分词）', '（使）失去（所需要的东西，尤指钱）', '（因事故、年老、死亡等）损失', '浪费']}]"
外语教学与研究出版社,二年级,下册,module,9,out,1,"[{'adv.': ['出局', '在外，在外部', '完全，彻底', '出版']}, {'prep.': ['（表示来源）从', '（从…里）出来', '（表示不在原状态）脱离', '离去']}, {'vt.': ['使熄灭', '揭露', '驱逐']}, {'adj.': ['外面的', '出局的', '下台的', '外围的']}, {'n.': ['不流行', '出局']}]"
外语教学与研究出版社,二年级,下册,module,9,factory,1,"[{'n.': ['工厂，制造厂', '<古>代理店']}]"
外语教学与研究出版社,二年级,下册,module,10,cousin,1,"[{'n.': ['堂[表]兄弟姊妹', '远亲，同辈']}]"
外语教学与研究出版社,二年级,下册,module,10,supermarket,1,"[{'n.': ['超级市场', '自动售货商店']}]"
外语教学与研究出版社,二年级,下册,module,10,wrong,1,"[{'adj.': ['有毛病的，失常的', '错误的，不正确的', '不好的，不公正的', '反对的，相反的，颠倒的，背面的，里面的']}, {'adv.': ['不对，错误，失当', '不好，不公正', '逆，颠倒，翻转', '有毛病，不舒服']}, {'n.': ['过失，错误', '不义的行为', '不义行为', '犯罪']}, {'vt.': ['委屈，无理地对待，诽谤']}]"
外语教学与研究出版社,二年级,下册,module,10,way,1,"[{'n.': ['道路', '方法', '方向', '某方面']}, {'adv.': ['远远地，大大地']}]"
外语教学与研究出版社,二年级,下册,module,10,front,1,"[{'n.': ['前面', '正面', '身体前部', '前线']}, {'adj.': ['前面的', '正面的', '舌前的']}, {'v.': ['面向', '在…前面', '用…作正面', '领导']}]"
外语教学与研究出版社,二年级,下册,module,10,well,1,"[{'adv.': ['好', '很', '好意地', '高高兴兴地']}, {'adj.': ['健康的', '井的', '良好的', '恰当的']}, {'int.': ['（用于表示惊讶，疑虑，接受等）']}, {'n.': ['泉', '源泉', '水井']}, {'vi.': ['（液体）涌出', '流出', '涌流', '涌上']}, {'vt.': ['涌出，喷出']}]"
外语教学与研究出版社,二年级,下册,module,10,taxi,1,"[{'n.': ['出租车', '滑行']}, {'vi.': ['乘出租车', '（指飞机）在地面或水面滑行']}, {'vt.': ['用出租车运送', '使滑行']}]"
外语教学与研究出版社,二年级,下册,module,10,Mrs,1,"[{'n.': ['夫人','太太']}]"
外语教学与研究出版社,二年级,下册,module,10,cinema,1,"[{'n.': ['电影院', '电影艺术', '电影业', '电影']}]"
外语教学与研究出版社,三年级,上册,module,1,use,1,"[{'n.': ['使用', '使用权', '功能']}]"
外语教学与研究出版社,三年级,上册,module,1,want,1,"[{'v.': ['想要', '希望', '打算', '需要…在场']}, {'n.': ['需要的东西', '缺少', '贫穷']}]"
外语教学与研究出版社,三年级,上册,module,1,hungry,1,"[{'adj.': ['饥饿的', '渴望的，渴望得到', '（统称）饥民', '荒年的，不毛的']}]"
外语教学与研究出版社,三年级,上册,module,1,easy,1,"[{'adj.': ['容易的', '舒适的', '宽裕的', '从容的']}, {'adv.': ['容易地', '不费力地', '悠闲地', '缓慢地']}, {'vi.': ['停止划桨（常用作命令）']}, {'vt.': ['向（水手或划手）发出停划命令']}]"
外语教学与研究出版社,三年级,上册,module,1,grass,1,"[{'n.': ['草，青草', '草地，草坪', '告密者', '〈俚〉龙须菜']}, {'vt.': ['用草覆盖', '使…长满草', '使…吃草']}, {'vi.': ['渐渐被草覆盖', '放牧']}]"
外语教学与研究出版社,三年级,上册,module,1,food,1,"[{'n.': ['食物，食品', '粮食', '养料', '资料']}]"
外语教学与研究出版社,三年级,上册,module,2,make,1,"[{'vt.': ['做，制造', '生产，制定', '使成为', '使产生']}, {'vi.': ['开始', '尝试', '行进', '增大']}, {'n.': ['制造', '生产量', '性格', '形状，样式']}]"
外语教学与研究出版社,三年级,上册,module,2,cake,1,"[{'n.': ['蛋糕', '糕饼', '块状物', '沉积物']}, {'vt.& vi.': ['（使）结块', '（使）胶', '涂厚厚的一层']}]"
外语教学与研究出版社,三年级,上册,module,2,mum,1,"[{'n.': ['妈妈', '沉默', '菊花', '烈性啤酒']}, {'adj.': ['沉默的，无言的']}, {'vi.': ['演哑剧']}, {'vt.': ['闭口，不讲话', '演哑剧']}]"
外语教学与研究出版社,三年级,上册,module,2,dad,1,"[{'n.': ['爸爸', '爹爹']}]"
外语教学与研究出版社,三年级,上册,module,2,water,1,"[{'n.': ['水', '雨水', '海水', '海域']}, {'v.': ['给…浇水', '供以水', '加水稀释', '流泪']}]"
外语教学与研究出版社,三年级,上册,module,2,lovely,1,"[{'adj.': ['可爱的', '令人愉快的', '亲切友好的', '慷慨大方的']}, {'n.': ['美女，美人，佳人', '漂亮的东西']}]"
外语教学与研究出版社,三年级,上册,module,3,boat,1,"[{'n.': ['小船，小艇', '轮船']}, {'vi.': ['乘船，划船']}, {'vt.': ['用船运输', '用船装运']}]"
外语教学与研究出版社,三年级,上册,module,3,people,1,"[{'n.': ['人，人类', '居民', '人民', '种族']}, {'vt.': ['居住于，布满', '使住满人，在…殖民', '把动物放养在']}]"
外语教学与研究出版社,三年级,上册,module,3,lake,1,"[{'n.': ['湖', '深红色颜料', '胭脂红', '[化]色淀']}, {'vt.&vi.': ['血球溶解', '使（血液）发生血球溶解']}]"
外语教学与研究出版社,三年级,上册,module,3,bread,1,"[{'n.': ['面包', '食物', '营养，营养物', '生计']}, {'vt.': ['在…上撒面包屑']}]"
外语教学与研究出版社,三年级,上册,module,4,far,1,"[{'adv.': ['久远地', '（问到或谈及距离时说）有多远', '到很远距离', '到很大程度']}, {'adj.': ['远的', '遥远的', '（某方向的）最远的', '远端的']}, {'n.': ['远方']}]"
外语教学与研究出版社,三年级,上册,module,4,fast,1,"[{'adj.': ['快的', '走得快', '感光快的', '紧的']}, {'adv.': ['（比准确的时间或宣布的时间）快', '迅速地', '紧紧地', '彻底地']}, {'vi.': ['禁食，（尤指）斋戒']}, {'n.': ['禁食期，斋戒期', '断食，节食']}]"
外语教学与研究出版社,三年级,上册,module,4,slow,1,"[{'adj.': ['慢的', '迟钝的', '温和的', '慢于…的']}, {'adv.': ['慢慢地', '缓慢地']}, {'vt.& vi.': ['（使）缓行，（使）减速']}, {'vi.': ['变慢', '变萧条']}, {'vt.': ['放慢', '阻碍']}]"
外语教学与研究出版社,三年级,上册,module,4,fly,1,"[{'vi.': ['飞', '飞行', '（旗）飘荡', '过得快']}, {'vt.& vi.': ['乘（…的）飞机', '驾驶（飞机等）']}, {'vt.': ['驾驶', '空运', '使飞翔', '操作']}, {'n.': ['苍蝇', '（作钓饵的）苍蝇', '（裤子的）前裆开口', '门帘']}]"
外语教学与研究出版社,三年级,上册,module,4,cry,1,"[{'vt.& vi.': ['哭', '喊，叫']}, {'vt.': ['哭着说', '叫卖', '大声报道']}, {'n.': ['哭', '叫喊', '要求', '大喊']}, {'vi.': ['鸣', '啼叫', '嗥叫', '吠']}]"
外语教学与研究出版社,三年级,上册,module,5,drink,1,"[{'vt.& vi.': ['喝（酒）', '饮', '喝酒', '（尤指）酗酒']}, {'vt.': ['吸收，吸入']}, {'n.': ['酒，饮料', '酒宴', '一杯或一份酒']}]"
外语教学与研究出版社,三年级,上册,module,5,shop,1,"[{'n.': ['商店', '工厂', '办事处', '购物']}, {'vt.& vi.': ['（到…）去买东西[购物]', '逛商店']}, {'vt.': ['购物', '买东西']}]"
外语教学与研究出版社,三年级,上册,module,5,thanks,1,"[{'n.': ['感谢，谢谢', '感谢，谢谢，道谢的话( thank的名词复数 )']}, {'int.': ['感激（的），致谢（的）']}, {'v.': ['谢谢，感谢( thank的第三人称单数 )', '责怪']}]"
外语教学与研究出版社,三年级,上册,module,5,library,1,"[{'n.': ['图书馆，藏书楼', '藏书', '书屋，书斋', '图书出租处']}]"
外语教学与研究出版社,三年级,上册,module,5,worry,1,"[{'n.': ['烦恼，忧虑', '担心', '撕咬']}, {'vi.': ['担心，焦虑', '为…发愁', '撕咬']}, {'vt.': ['使烦恼', '烦扰', '撕咬']}]"
外语教学与研究出版社,三年级,上册,module,6,wash,1,"[{'vt.': ['洗，清洗', '浸湿', '冲刷，冲击', '洗去罪名']}, {'vi.': ['耐洗', '被洗掉（通常与 out 和 away 连用）', '（波涛等）拍打']}, {'n.': ['（尤指船过后划出的）水流', '要洗的衣物的数量', '薄涂层（尤指涂料）']}, {'vt.': ['弄湿', '使受洗礼', '（光）布满', '（猫等）舔净（自身）']}, {'adj.': ['可洗的，耐洗的', '（证券交易）虚假的']}]"
外语教学与研究出版社,三年级,上册,module,6,pear,1,"[{'n.': ['梨（树）', '梨树']}]"
外语教学与研究出版社,三年级,上册,module,6,peach,1,"[{'n.': ['桃子', '桃红色', '极好的人（或物）']}, {'adj.': ['桃红色的', '粉红色的']}]"
外语教学与研究出版社,三年级,上册,module,6,football,1,"[{'n.': ['足球〔美国通常指橄榄球〕', '足球运动', '屡屡引起争论（或分歧）的问题', '被踢来踢去的难题']}]"
外语教学与研究出版社,三年级,上册,module,7,clever,1,"[{'adj.': ['聪明的，灵巧的', '英俊的，风采优雅的', '性情温良的', '油腔滑调的']}]"
外语教学与研究出版社,三年级,上册,module,7,cold,1,"[{'adj.': ['寒冷的', '冷淡的，无情的', '失去知觉的', '[艺]有冷感的，冷色的']}, {'n.': ['寒冷', '感冒，伤风']}, {'adv.': ['完全地']}]"
外语教学与研究出版社,三年级,上册,module,7,class,1,"[{'n.': ['班', '等级', '阶级', '种类']}, {'vt.': ['把…归入某等级，把…看作（或分类、归类）', '把…编入某一班级']}, {'adj.': ['很好的，优秀的，出色的']}, {'vi.': ['属于…类（或等级），被列为某类（或某级）']}]"
外语教学与研究出版社,三年级,上册,module,7,begin,1,"[{'vt.& vi.': ['开始', '着手', '创始', '创办']}, {'vi.': ['（从…）开始', '起始', '起初是', '开始讲话']}]"
外语教学与研究出版社,三年级,上册,module,8,bring,1,"[{'vt.': ['带来，引来', '促使，引起', '提供', '导致']}]"
外语教学与研究出版社,三年级,上册,module,8,umbrella,1,"[{'n.': ['雨伞', '〈比喻〉保护物', '[军]空中掩护幕', '总括']}]"
外语教学与研究出版社,三年级,上册,module,8,get,1,"[{'vt.': ['得到', '抓住', '说服', '受到（惩罚等）']}, {'vt.& vi.': ['到达，来']}, {'vi.': ['成为', '开始', '设法对付', '获得利益或财富']}, {'n.': ['生殖，幼兽', '赢利']}]"
外语教学与研究出版社,三年级,上册,module,9,high,1,"[{'adj.': ['高的', '高尚的，崇高的', '高音调的', '高级的，高等的']}, {'adv.': ['（程度等）高地', '高价地', '奢侈地']}, {'n.': ['高处，高位', '[气象学]高气压', '高压地带', '高水平']}]"
外语教学与研究出版社,三年级,上册,module,9,star,1,"[{'n.': ['星', '星状物', '星级', '明星']}, {'v.': ['主演', '（在文字等旁）标星号']}]"
外语教学与研究出版社,三年级,上册,module,9,uncle,1,"[{'n.': ['叔叔', '伯父', '舅父', '姑父，姨父']}]"
外语教学与研究出版社,三年级,上册,module,10,visit,1,"[{'vt.& vi.': ['访问', '探望', '参观', '游览']}, {'vi.': ['作客']}, {'n.': ['访问，参观', '逗留']}, {'vt.': ['拜访，参观']}]"
外语教学与研究出版社,三年级,上册,module,10,film,1,"[{'n.': ['影片', '电影', '胶片', '薄层']}, {'vt.& vi.': ['（把…）拍摄（成）电影[电视等]', '上镜头']}, {'vt.': ['（给…）覆上一薄层', '生薄膜', '变得朦胧']}]"
